CODE;LIBELLE;LIBELLE_LONG;ORDRE;TETE_PERIMETRE_ID;ACTIVITE_SUMEAU_ID;FAMILLE_ID
OPI01;Ajustages Automates;Espèces - Ajustages Automates;1;3000350989;SUM01;OPECLIPRI_ESP
OPI50;Gestion DRM ;Espèces - Gestion DRM;2;3000350989;SUM01;OPECLIPRI_ESP
OPI02;Gestion Billets;Espèces - Gestion Billets;3;3000350989;SUM01;OPECLIPRI_ESP
OPI03;Récla.Clients/Versement Coffre Tirelire;Espèces - Récla.Clients/Versement Coffre Tirelire;4;3000350989;SUM01;OPECLIPRI_ESP
OPI04;Récla.Clients/Versement Espèces;Espèces - Récla.Clients/Versement Espèces;5;3000350989;SUM01;OPECLIPRI_ESP
OPI51;Inventaires permanents;Espèces - Inventaires permanents;6;3000350989;null;OPECLIPRI_ESP
OPI52;Gestion des commandes;Espèces - Gestion des commandes;7;3000350989;null;OPECLIPRI_ESP
OPI06;Opposition Chèques;Chèques - Opposition Chèques;1;3000350989;SUM03;OPECLIPRI_CHEQ
OPI07;Régularisation BDF;Chèques - Régularisation BDF;2;3000350989;SUM03;OPECLIPRI_CHEQ
OPI08;Retours impayés remises de chèques;Chèques - Retours impayés remises de chèques;3;3000350989;SUM03;OPECLIPRI_CHEQ
OPI09;Lettres de garantie émises;Chèques - Lettres de garantie émises;4;3000350989;SUM03;OPECLIPRI_CHEQ
OPI10;Lettres de garantie reçues;Chèques - Lettres de garantie reçues;5;3000350989;SUM03;OPECLIPRI_CHEQ
OPI11;Isolement Provisions;Chèques - Isolement Provisions;6;3000350989;SUM03;OPECLIPRI_CHEQ
OPI12;Certificats de Non Paiement ;Chèques - Certificats de Non Paiement;7;3000350989;SUM03;OPECLIPRI_CHEQ
OPI13;Traitement Rejets Chèques;Chèques - Traitement Rejets Chèques;8;3000350989;SUM03;OPECLIPRI_CHEQ
OPI14;Refus Encaissement Chèques CLICOM;Chèques - Refus Encaissement Chèques CLICOM;9;3000350989;SUM03;OPECLIPRI_CHEQ
OPI54;Retours Courriers CPL;Chèques - Retours Courriers CPL;10;3000350989;SUM03;OPECLIPRI_CHEQ
OPI55;Ajust. comptes DAR et comptes CHQ;Ajust.Comptes Généraux - Ajust. comptes DAR et comptes CHQ;1;3000350989;null;OPECLIPRI_AJUST
OPI15;Rejets MURCEF;DAR - Rejets MURCEF;1;3000350989;SUM03;OPECLIPRI_DAR
OPI16;DAR Apurement ;DAR - Apurement DAR;2;3000350989;SUM03;OPECLIPRI_DAR
OPI17;Rejets physiques;DAR - Rejets physiques;3;3000350989;SUM03;OPECLIPRI_DAR
OPI18;DAR Ajustement;DAR - Ajustement DAR;4;3000350989;SUM03;OPECLIPRI_DAR
OPI19;SVE SATD / Autres voies d'exécutions;SVE - SVE SATD / Autres voies d'exécutions;1;3000350989;SUM04;OPECLIPRI_SVE
OPI20;SVE - DAR suite Saisies;SVE - DAR suite Saisies;2;3000350989;SUM05;OPECLIPRI_SVE
OPI21;SVE - Saisies Attribution et Conservatoires;SVE - Saisies Attribution et Conservatoires;3;3000350989;SUM05;OPECLIPRI_SVE
OPI53;RNI;Recherches - RNI;1;3000350989;SUM06;OPECLIPRI_RECH
OPI23;Recherches;Recherches;2;3000350989;SUM06;OPECLIPRI_RECH
OPI24;Réquisitions Judiciaires / Douanes;Recherches - Réquisitions Judiciaires / Douanes;3;3000350989;SUM06;OPECLIPRI_RECH
OPI25;Réquisitions Fiscales/Droit de communication;Recherches - Réquisitions Fiscales/Droit de communication;4;3000350989;SUM06;OPECLIPRI_RECH
OPI26;Transferts Entrants;Titres - Transferts Entrants;1;3000350989;SUM07;OPECLIPRI_TIFI
OPI27;Transferts Sortants;Titres - Transferts Sortants;2;3000350989;SUM07;OPECLIPRI_TIFI
OPI28;Clôture;Titres - Clôture;3;3000350989;SUM07;OPECLIPRI_TIFI
OPI29;TNC;Titres - TNC;4;3000350989;SUM07;OPECLIPRI_TIFI
OPI30;Donation;Titres - Donation;5;3000350989;SUM07;OPECLIPRI_TIFI
OPI31;Nantissement ;Titres - Nantissement ;6;3000350989;SUM07;OPECLIPRI_TIFI
OPI32;Redressement;Titres - Redressement;7;3000350989;SUM07;OPECLIPRI_TIFI
OPI33;Divers;Titres - Divers;8;3000350989;SUM07;OPECLIPRI_TIFI
OPI34;FATCA / CRS;Fiscalité - FATCA / CRS;9;3000350989;SUM08;OPECLIPRI_TIFI
OPI35;QI;Fiscalité - QI;10;3000350989;SUM07;OPECLIPRI_TIFI
OPI36;IFU / CERFA;Fiscalité - IFU / CERFA;11;3000350989;SUM07;OPECLIPRI_TIFI
OPI37;Transferts Entrants PEL/CEL;Epargne - Transferts Entrants PEL/CEL;1;3000350989;SUM09;OPECLIPRI_EPA
OPI38;Transferts Sortants PEL/CEL;Epargne - Transferts Sortants PEL/CEL;2;3000350989;SUM09;OPECLIPRI_EPA
OPI39;Rejet Prime PEL;Epargne - Rejet Prime PEL;3;3000350989;SUM09;OPECLIPRI_EPA
OPI40;Transferts Entrants ERS;Epargne - Transferts Entrants ERS;4;3000350989;SUM09;OPECLIPRI_EPA
OPI41;Transferts Sortants ERS;Epargne - Transferts Sortants ERS;5;3000350989;SUM09;OPECLIPRI_EPA
OPI42;Conformité LEP;Epargne - Conformité LEP;6;3000350989;SUM09;OPECLIPRI_EPA
OPI43;Mandat Livret A;Epargne - Mandat Livret A;7;3000350989;SUM09;OPECLIPRI_EPA
OPI44;Désolidarisation CAV;Vie du compte PRI - Désolidarisation CAV;1;3000350989;SUM08;OPECLIPRI_VIC
OPI45;Fusions Tiers;Vie du compte PRI - Fusions Tiers;2;3000350989;SUM08;OPECLIPRI_VIC
OPI46;Opérations PERLA;Vie du compte PRI - Opérations PERLA;3;3000350989;SUM08;OPECLIPRI_VIC
OPI47;Opérations URTA;Vie du compte PRI - Opérations URTA;4;3000350989;SUM08;OPECLIPRI_VIC
OPI48;Dossier Recouvrement;Vie du compte PRI - Dossier Recouvrement;5;3000350989;SUM10;OPECLIPRI_VIC
OPI49;IFU KYC;Vie du compte PRI - IFU KYC;6;3000350989;SUM08;OPECLIPRI_VIC
CRI01;Analyse Nouveau Dossier ;Octroi PPI - Analyse Nouveau Dossier;1;3000350988;SUM11;CRECLIPRI_OPPI
CRI22;Analyse Retour Dossier ;Octroi PPI - Analyse Retour Dossier;2;3000350988;SUM11;CRECLIPRI_OPPI
CRI23;Emission Offres;Octroi PPI - Emission Offres;3;3000350988;SUM12;CRECLIPRI_OPPI
CRI02;Retour Offres;Ocoitr PPI - Retour Offres;4;3000350988;SUM12;CRECLIPRI_OPPI
CRI03;Qualification, Décaissement Facture;Octroi PPI - Qualification, Décaissement Facture;5;3000350988;SUM13;CRECLIPRI_OPPI
CRI24;Qualification Notaire;Octroi PPI - Qualification Notaire;6;3000350988;SUM13;CRECLIPRI_OPPI
CRI25;Décaissement Notaire;Octroi PPI - Décaissement Notaire;7;3000350988;SUM13;CRECLIPRI_OPPI
CRI04;Prêts CHF;CHF - Prêts CHF;1;3000350988;SUM14;CRECLIPRI_PCHF
CRI05;Règlements Factures prescripteurs;Divers Crédit - Règlement factures prescripteurs ;1;3000350988;SUM15;CRECLIPRI_DVCR
CRI06;Audit;Divers Crédit - Audit;2;3000350988;SUM15;CRECLIPRI_DVCR
CRI07;Copies exécutoires IGDS;Divers Crédit - Saisie des copies exécutoires dans IGDS;3;3000350988;SUM15;CRECLIPRI_DVCR
CRI08;Renégociations émissions avenants;Evénements Standards - Renégociations émissions avenants;1;3000350988;SUM16;CRECLIPRI_EVST
CRI26;Renégociations retours avenants;Evénements Standards - Renégociations retours avenants;2;3000350988;SUM16;CRECLIPRI_EVST
CRI09;Remboursements Anticipés;Evénements Standards - Remboursements Anticipés ;3;3000350988;SUM16;CRECLIPRI_EVST
CRI10;Traitement des impayés CRELOG;Evénements Standards - Traitement des impayés CRELOG;4;3000350988;SUM16;CRECLIPRI_EVST
CRI11;Mainlevée Hypothèque;Evénements Standards - Mainlevée Hypothèque ;5;3000350988;SUM16;CRECLIPRI_EVST
CRI12;Désolidarisations;Evénements Complexes - Désolidarisations ;1;3000350988;SUM17;CRECLIPRI_EVCX
CRI13;Transferts Prêts;Evénements Complexes - Transfert de Prêts;2;3000350988;SUM17;CRECLIPRI_EVCX
CRI14;Gest.Assur. / Modif.Garantie - Emissions avenants;Evénements Complexes - Gest.Assur. / Modif.Garantie - Emissions avenants;3;3000350988;SUM17;CRECLIPRI_EVCX
CRI27;Gest. Assur./ Modif.Garantie - Retours avenants;Evénements Complexes - Gest. Assur./ Modif.Garantie - Retours avenants;4;3000350988;SUM17;CRECLIPRI_EVCX
CRI15;Recouvrement PRI/PRO VD;Evénements Complexes - Recouvrement PRI/PRO VD;5;3000350988;SUM17;CRECLIPRI_EVCX
CRI16;Ouverture Avances Pat. / DCS;Avances Pat. /DCS - Ouverture Avances Pat. / DCS;1;3000350988;SUM18;CRECLIPRI_AUTR
CRI17;Cautions PRI;Cautions émises - Cautions PRI;1;3000350988;SUM19;CRELICPRI_CAUT
CRI18;Ouverture Sinistres DCITT;Sinitres PRI - Ouverture Sinistres DCITT;1;3000350988;SUM20;CRECLIPRI_SINI
CRI19;Conformité Crédit Conso;Crédit Conso - Conformité Crédit Conso;1;3000350988;SUM21;CRECLIPRI_CRCO
CRI28;Demandes CPI;Demandes CPI ;1;3000350988;SUM46;CRECLIPRI_CPI
TRA01;Supervision Managériale;Transverse - Supervision Managériale;1;3000350989;null;OPECLIPRI_TRA
TRA02;Accueil Téléphonique;Transverse - Accueil Téléphonique;2;3000350989;null;OPECLIPRI_TRA
TRA03;BAL Générique;Transverse - BAL Générique;3;3000350989;null;OPECLIPRI_TRA
TRA16;Certification des comptes;Transverse - Certification des comptes;4;3000350989;null;OPECLIPRI_TRA
TRA04;RST;Transverse - RST;5;3000350989;SUM45;OPECLIPRI_TRA
TRA05;RDO;Transverse - RDO;6;3000350989;SUM47;OPECLIPRI_TRA
TRA06;Supervision Managériale;Transverse - Supervision Managériale;1;3000350988;null;CRECLIPRI_TRA
TRA07;Accueil Téléphonique;Transverse - Accueil Téléphonique;2;3000350988;null;CRECLIPRI_TRA
TRA08;BAL Générique;Transverse - BAL Générique;3;3000350988;null;CRECLIPRI_TRA
TRA09;RST et correspondant Prêts Immobiliers;Transverse - RST et correspondant Prêts Immobiliers;4;3000350988;SUM46;CRECLIPRI_TRA
TRA10;RDO;Transverse - RDO;5;3000350988;SUM47;CRECLIPRI_TRA
TRA11;Supervision Managériale;Transverse - Supervision Managériale;1;3000350986;null;OPECLICOM_TRA
TRA12;Accueil Téléphonique;Transverse - Accueil Téléphonique;2;3000350986;null;OPECLICOM_TRA
TRA13;BAL Générique;Transverse - BAL Générique;3;3000350986;null;OPECLICOM_TRA
TRA14;RST;Transverse - RST;4;3000350986;SUM45;OPECLICOM_TRA
TRA15;RDO;Transverse - RDO;5;3000350986;SUM47;OPECLICOM_TRA
OPE01;Certificat de dépôt de capital ;Autres activités - Certificat de dépôt de capital ;1;3000350986;null;OPECLICOM_AUT
OPE02;Audits (circularisations);Audits (circularisations) - Audit (circularisations);1;3000350986;SUM25;OPECLICOM_AUDI
OPE03;Procédure collective;Dénonciation / Précontentieux - Procédure collective;1;3000350986;SUM28;OPECLICOM_DEN
OPE04;Lettre à 60 jours;Dénonciation / Précontentieux - Lettre à 60 jours;2;3000350986;SUM28;OPECLICOM_DEN
OPE05;Dossier de recouvrement PRO VP;Dénonciation / Précontentieux - Dossier de recouvrement PRO VP;3;3000350986;SUM28;OPECLICOM_DEN
OPE06;Rupture de la relation / PRO COM;Dénonciation / Précontentieux - Rupture de la relation/ PRO COM;4;3000350986;SUM28;OPECLICOM_DEN
OPE07;Revue KYC (Hors Harmonie);KYC - Revue KYC (Hors Harmonie);1;3000350986;SUM24;OPECLICOM_KYC
OPE08;Revue KYC PRO/COM;KYC - Revue KYC PRO/COM;2;3000350986;SUM24;OPECLICOM_KYC
OPE09;Fiche de délégation ;KYC - Fiche de délégation;3;3000350986;SUM24;OPECLICOM_KYC
OPE10;MAJ de conditions;Conditions - MAJ de conditions ;1;3000350986;SUM26;OPECLICOM_COND
OPE11;Cahier des conditions;Conditions - Cahier des conditions;2;3000350986;SUM26;OPECLICOM_COND
OPE12;Rétrocession PERLA;Conditions - Rétrocession PERLA;3;3000350986;SUM26;OPECLICOM_COND
OPE13;Forfaits;Conditions - Forfaits;4;3000350986;SUM26;OPECLICOM_COND
OPE14;ACE;Conditions - ACE;5;3000350986;SUM26;OPECLICOM_COND
OPE15;Conditions multiples;Conditions - Conditions multiples;6;3000350986;SUM26;OPECLICOM_COND
OPE16;Mise à jour/ campagnes ACE;Conditions - Mise à jour / campagnes;7;3000350986;SUM26;OPECLICOM_COND
OPE17;Mise à jour juridique;Mise à jour du dossier client -  Mise à jour juridique;1;3000350986;SUM26;OPECLICOM_DCLI
OPE18;Pouvoirs;Mise à jour du dossier client - Pouvoirs;2;3000350986;SUM26;OPECLICOM_DCLI
OPE19;Mises à jour juridiques multiples;Mise à jour du dossier client -  Mises à jour juridiques multiples;3;3000350986;SUM26;OPECLICOM_DCLI
OPE20;Pouvoirs multiples;Mise à jour du dossier client -  Pouvoirs multiples;4;3000350986;SUM26;OPECLICOM_DCLI
OPE21;Monétique;Monétique / Télématique - Monétique;1;3000350986;SUM29;OPECLICOM_MON
OPE22;Télématique;Monétique / Télématique -Télématique;2;3000350986;SUM29;OPECLICOM_MON
OPE23;Compte secondaire;Ouverture de compte -  Compte secondaire;1;3000350986;SUM26;OPECLICOM_OUV
OPE24;Compte capital;Ouverture de compte -  Compte capital;2;3000350986;SUM26;OPECLICOM_OUV
OPE25;Compte chantier ;Ouverture de compte -  Compte chantier ;3;3000350986;SUM26;OPECLICOM_OUV
OPE26;Compte séquestre;Ouverture de compte -  Compte séquestre;4;3000350986;SUM26;OPECLICOM_OUV
OPE27;EER PRO (Hors Harmonie);Ouverture de compte -  EER PRO (Hors Harmonie);5;3000350986;SUM23;OPECLICOM_OUV
OPE28;Fusion;Vie du compte -  Fusion;1;3000350986;SUM26;OPECLICOM_VIE
OPE29;TUP;Vie du compte -  TUP;2;3000350986;SUM26;OPECLICOM_VIE
OPE30;Contraction;Vie du compte -  Contraction;3;3000350986;SUM26;OPECLICOM_VIE
OPE31;Transfert de prestations;Vie du compte -   Transfert de prestations;4;3000350986;SUM26;OPECLICOM_VIE
OPE32;Clôture;Vie du compte - Clôture;5;3000350986;SUM26;OPECLICOM_VIE
OPE33;Lettre chèque ;Vie du compte - Lettre chèque;6;3000350986;SUM26;OPECLICOM_VIE
OPE34;Ordre de bourse;Placement de la trésorerie du client - Ordre de bourse;1;3000350986;SUM27;OPECLICOM_PLA
OPE35;CAT;Placement de la trésorerie du client - CAT;2;3000350986;SUM27;OPECLICOM_PLA
OPE36;Gestion de la trésorerie;Placement de la trésorerie du client - Gestion de la trésorerie;3;3000350986;SUM27;OPECLICOM_PLA
OPE37;Transferts;Placement de la trésorerie du client - Transferts;4;3000350986;SUM27;OPECLICOM_PLA
OPE38;Traitement DEJ;Activités spécifiques - Traitement DEJ;1;3000350986;null;OPECLICOM_SPE
OPE39;Facturation manuelle produits spécifiques;Vie du compte -  Facturation manuelle produits spécifiques;1;3000350986;SUM26;OPECLICOM_VIE
OPE40;Entrée en relation CLICOM;EER -  Entrée en relation CLICOM;1;3000350986;SUM23;OPECLICOM_EER
OPE41;Entrée en relation CLICOM  Digitalisée;EER - Entrée en relation CLICOM  Digitalisée;2;3000350986;SUM23;OPECLICOM_EER
OPE42;Entrée en relation CLIPRO;EER -  Entrée en relation CLIPRO;3;3000350986;SUM23;OPECLICOM_EER
OPE43;Entrée en relation CLIPRO - Compte de capital;EER - Entrée en relation CLIPRO - Compte de capital;4;3000350986;SUM23;OPECLICOM_EER