id;is_default;CODE_ACTIVITE;ID_NIVEAU;NOMBRE_DOSSIER
1;true;OPI01;0;null
2;true;OPI02;0;null
3;true;OPI03;0;null
4;true;OPI04;0;null
6;true;OPI06;0;0
7;true;OPI07;0;0
8;true;OPI08;0;0
9;true;OPI09;0;0
10;true;OPI10;0;0
11;true;OPI11;0;0
12;true;OPI12;0;0
13;true;OPI13;0;0
14;true;OPI14;0;0
15;true;OPI15;0;0
16;true;OPI16;0;0
17;true;OPI17;0;0
18;true;OPI18;0;null
19;true;OPI19;0;0
20;true;OPI20;0;0
21;true;OPI21;0;0
23;true;OPI23;0;0
24;true;OPI24;0;0
25;true;OPI25;0;0
26;false;OPI26;0;0
27;false;OPI27;0;0
28;false;OPI28;0;0
29;false;OPI29;0;0
30;false;OPI30;0;0
31;false;OPI31;0;0
32;false;OPI32;0;0
33;false;OPI33;0;0
34;false;OPI34;0;0
35;false;OPI35;0;0
36;false;OPI36;0;0
37;false;OPI37;0;0
38;false;OPI38;0;0
39;false;OPI39;0;0
40;false;OPI40;0;0
41;false;OPI41;0;0
42;false;OPI42;0;0
43;false;OPI43;0;0
44;false;OPI44;0;0
45;false;OPI45;0;0
46;false;OPI46;0;0
47;false;OPI47;0;0
48;false;OPI48;0;0
49;false;OPI49;0;0
50;false;CRI01;0;0
51;false;CRI02;0;0
52;false;CRI03;0;0
54;false;CRI04;0;0
55;false;CRI05;0;0
56;false;CRI06;0;0
57;false;CRI07;0;0
58;false;CRI08;0;0
59;false;CRI09;0;0
60;false;CRI10;0;0
61;false;CRI11;0;0
62;false;CRI12;0;0
63;false;CRI13;0;0
64;false;CRI14;0;0
65;false;CRI15;0;0
66;false;CRI16;0;0
67;false;CRI17;0;0
68;false;CRI18;0;0
69;false;CRI19;0;0
72;false;TRA01;0;null
73;false;TRA02;0;null
74;false;TRA03;0;null
75;false;OPI01;1;null
76;false;OPI02;1;null
77;false;OPI03;1;null
78;false;OPI04;1;null
80;false;OPI06;1;27
81;false;OPI07;1;140
82;false;OPI08;1;66
83;false;OPI09;1;10
84;false;OPI10;1;20
85;false;OPI11;1;0
86;false;OPI12;1;35
87;false;OPI13;1;20
88;false;OPI14;1;30
89;false;OPI15;1;100
90;false;OPI16;1;90
91;false;OPI17;1;190
92;false;OPI18;1;
93;false;OPI19;1;47
94;false;OPI20;1;90
95;false;OPI21;1;22
97;false;OPI23;1;27
98;false;OPI24;1;20
99;false;OPI25;1;23
100;false;OPI26;1;17
101;false;OPI27;1;22
102;false;OPI28;1;38
103;false;OPI29;1;22
104;false;OPI30;1;2
105;false;OPI31;1;34
106;false;OPI32;1;1
107;false;OPI33;1;13
108;false;OPI34;1;22
109;false;OPI35;1;22
110;false;OPI36;1;8
111;false;OPI37;1;5
112;false;OPI38;1;7
113;false;OPI39;1;22
114;false;OPI40;1;15
115;false;OPI41;1;15
116;false;OPI42;1;56
117;false;OPI43;1;8
118;false;OPI44;1;13
119;false;OPI45;1;13
120;false;OPI46;1;48
121;false;OPI47;1;48
122;false;OPI48;1;17
123;false;OPI49;1;20
124;false;CRI01;1;3
125;false;CRI02;1;6
126;false;CRI03;1;17
128;false;CRI04;1;2
129;false;CRI05;1;5
130;false;CRI06;1;3
131;false;CRI07;1;5
132;false;CRI08;1;10
133;false;CRI09;1;6
134;false;CRI10;1;17
135;false;CRI11;1;4
136;false;CRI12;1;1
137;false;CRI13;1;1
138;false;CRI14;1;4
139;false;CRI15;1;7
140;false;CRI16;1;3
141;false;CRI17;1;1
142;false;CRI18;1;1
143;false;CRI19;1;3
146;false;TRA01;1;null
147;false;TRA02;1;null
148;false;TRA03;1;null
149;false;OPI01;2;null
150;false;OPI02;2;null
151;false;OPI03;2;null
152;false;OPI04;2;null
154;false;OPI06;2;30
155;false;OPI07;2;154
156;false;OPI08;2;92
157;false;OPI09;2;23
158;false;OPI10;2;27
159;false;OPI11;2;51
160;false;OPI12;2;46
161;false;OPI13;2;35
162;false;OPI14;2;60
163;false;OPI15;2;120
164;true;OPI16;2;105
165;true;OPI17;2;210
166;true;OPI18;2;null
167;true;OPI19;2;53
168;true;OPI20;2;105
169;true;OPI21;2;25
171;false;OPI23;2;30
172;false;OPI24;2;22
173;false;OPI25;2;26
174;false;OPI26;2;19
175;false;OPI27;2;25
176;false;OPI28;2;42
177;false;OPI29;2;25
178;false;OPI30;2;3
179;false;OPI31;2;38
180;false;OPI32;2;1
181;false;OPI33;2;15
182;false;OPI34;2;25
183;false;OPI35;2;25
184;false;OPI36;2;10
185;false;OPI37;2;6
186;false;OPI38;2;8
187;false;OPI39;2;25
188;false;OPI40;2;17
189;false;OPI41;2;17
190;false;OPI42;2;63
191;false;OPI43;2;10
192;false;OPI44;2;15
193;false;OPI45;2;15
194;false;OPI46;2;54
195;false;OPI47;2;54
196;false;OPI48;2;19
197;false;OPI49;2;24
198;false;CRI01;2;5
199;false;CRI02;2;10
200;false;CRI03;2;25
202;false;CRI04;2;4
203;false;CRI05;2;12
204;false;CRI06;2;5
205;false;CRI07;2;12
206;false;CRI08;2;17
207;false;CRI09;2;12
208;false;CRI10;2;25
209;false;CRI11;2;8
210;false;CRI12;2;2
211;false;CRI13;2;2
212;false;CRI14;2;8
213;false;CRI15;2;15
214;false;CRI16;2;5
215;false;CRI17;2;2
216;false;CRI18;2;2
217;false;CRI19;2;6
220;false;TRA01;2;null
221;false;TRA02;2;null
222;false;TRA03;2;null
223;false;OPI01;3;null
224;false;OPI02;3;null
225;false;OPI03;3;null
226;false;OPI04;3;null
228;false;OPI06;3;33
229;false;OPI07;3;170
230;false;OPI08;3;92
231;false;OPI09;3;27
232;false;OPI10;3;28
233;false;OPI11;3;55
234;false;OPI12;3;49
235;false;OPI13;3;40
236;false;OPI14;3;67
237;false;OPI15;3;140
238;false;OPI16;3;120
239;false;OPI17;3;230
240;false;OPI18;3;null
241;false;OPI19;3;58
242;false;OPI20;3;120
243;false;OPI21;3;27
245;false;OPI23;3;33
246;false;OPI24;3;24
247;false;OPI25;3;28
248;true;OPI26;3;21
249;true;OPI27;3;28
250;true;OPI28;3;47
251;true;OPI29;3;28
252;true;OPI30;3;4
253;true;OPI31;3;42
254;true;OPI32;3;2
255;true;OPI33;3;17
256;true;OPI34;3;28
257;true;OPI35;3;28
258;true;OPI36;3;12
259;true;OPI37;3;7
260;true;OPI38;3;9
261;true;OPI39;3;28
262;true;OPI40;3;19
263;true;OPI41;3;19
264;true;OPI42;3;70
265;true;OPI43;3;12
266;true;OPI44;3;17
267;true;OPI45;3;17
268;true;OPI46;3;60
269;true;OPI47;3;60
270;true;OPI48;3;21
271;true;OPI49;3;28
272;true;CRI01;3;9
273;true;CRI02;3;16
274;true;CRI03;3;42
276;true;CRI04;3;8
277;true;CRI05;3;30
278;true;CRI06;3;12
279;true;CRI07;3;30
280;false;CRI08;3;30
281;false;CRI09;3;23
282;false;CRI10;3;40
283;true;CRI11;3;15
284;true;CRI12;3;6
285;true;CRI13;3;6
286;true;CRI14;3;16
287;true;CRI15;3;25
288;true;CRI16;3;8
289;true;CRI17;3;3
290;true;CRI18;3;4
291;true;CRI19;3;10
294;true;TRA01;3;null
295;true;TRA02;3;null
296;true;TRA03;3;null
297;false;OPI01;4;null
298;false;OPI02;4;null
299;false;OPI03;4;null
300;false;OPI04;4;null
302;false;OPI06;4;36
303;false;OPI07;4;77
304;false;OPI08;4;92
305;false;OPI09;4;31
306;false;OPI10;4;31
307;false;OPI11;4;60
308;false;OPI12;4;51
309;false;OPI13;4;45
310;false;OPI14;4;77
311;false;OPI15;4;120
312;false;OPI16;4;140
313;false;OPI17;4;250
314;false;OPI18;4;null
315;false;OPI19;4;64
316;false;OPI20;4;132
317;false;OPI21;4;30
319;false;OPI23;4;36
320;false;OPI24;4;26
321;false;OPI25;4;30
322;false;OPI26;4;21
323;false;OPI27;4;28
324;false;OPI28;4;47
325;false;OPI29;4;28
326;false;OPI30;4;4
327;false;OPI31;4;42
328;false;OPI32;4;2
329;false;OPI33;4;17
330;false;OPI34;4;28
331;false;OPI35;4;28
332;false;OPI36;4;12
333;false;OPI37;4;7
334;false;OPI38;4;9
335;false;OPI39;4;28
336;false;OPI40;4;19
337;false;OPI41;4;19
338;false;OPI42;4;70
339;false;OPI43;4;12
340;false;OPI44;4;17
341;false;OPI45;4;17
342;false;OPI46;4;60
343;false;OPI47;4;60
344;false;OPI48;4;21
345;false;OPI49;4;28
346;false;CRI01;4;3
347;false;CRI02;4;3
348;false;CRI03;4;3
350;false;CRI04;4;3
351;false;CRI05;4;3
352;false;CRI06;4;3
353;false;CRI07;4;3
354;true;CRI08;4;4
355;true;CRI09;4;4
356;true;CRI10;4;4
357;false;CRI11;4;3
358;false;CRI12;4;3
359;false;CRI13;4;3
360;false;CRI14;4;3
361;false;CRI15;4;30
362;false;CRI16;4;11
363;false;CRI17;4;4
364;false;CRI18;4;5
365;false;CRI19;4;3
368;false;TRA01;4;null
369;false;TRA02;4;null
370;false;TRA03;4;null
380;false;OPI50;0;null
381;false;OPI50;1;null
382;false;OPI50;2;null
383;true;OPI50;3;null
384;false;OPI50;4;null
385;false;OPI51;0;null
386;false;OPI51;1;null
387;false;OPI51;2;null
388;true;OPI51;3;null
389;false;OPI51;4;null
390;false;OPI52;0;null
391;false;OPI52;1;null
392;false;OPI52;2;null
393;true;OPI52;3;null
394;false;OPI52;4;null
395;false;OPI53;0;0
396;false;OPI53;1;60
397;false;OPI53;2;66
398;true;OPI53;3;71
399;false;OPI53;4;77
400;false;CRI22;0;0
401;false;CRI22;1;5
402;false;CRI22;2;10
403;true;CRI22;3;18
404;false;CRI22;4;22
405;false;CRI23;0;0
406;false;CRI23;1;8
407;false;CRI23;2;15
408;true;CRI23;3;25
409;false;CRI23;4;30
410;false;CRI24;0;0
411;false;CRI24;1;5
412;false;CRI24;2;10
413;true;CRI24;3;15
414;false;CRI24;4;20
415;false;CRI25;0;0
416;false;CRI25;1;8
417;false;CRI25;2;13
418;true;CRI25;3;18
419;false;CRI25;4;23
420;false;CRI26;0;0
421;false;CRI26;1;20
422;false;CRI26;2;28
423;true;CRI26;3;37
424;false;CRI26;4;42
425;false;CRI27;0;0
426;false;CRI27;1;20
427;false;CRI27;2;28
428;true;CRI27;3;37
429;false;CRI27;4;40
430;false;CRI28;0;0
431;false;CRI28;1;5
432;false;CRI28;2;10
433;true;CRI28;3;15
435;false;TRA04;0;null
436;false;TRA04;1;null
437;false;TRA04;2;null
438;true;TRA04;3;null
439;false;TRA04;4;null
440;false;TRA05;0;null
441;false;TRA05;1;null
442;false;TRA05;2;null
443;true;TRA05;3;null
444;false;TRA05;4;null
445;false;OPE01;0;0
446;false;OPE02;0;0
447;false;OPE03;0;0
448;false;OPE04;0;0
449;false;OPE05;0;0
450;false;OPE06;0;0
451;false;OPE07;0;null
452;false;OPE08;0;0
453;false;OPE09;0;0
454;false;OPE10;0;0
455;false;OPE11;0;0
456;false;OPE12;0;0
457;false;OPE13;0;0
458;false;OPE14;0;0
459;false;OPE15;0;0
460;false;OPE16;0;null
470;false;OPE17;0;0
480;false;OPE18;0;0
490;false;OPE19;0;0
500;false;OPE20;0;0
501;false;OPE21;0;0
502;false;OPE22;0;0
503;false;OPE23;0;0
504;false;OPE24;0;0
505;false;OPE25;0;0
506;false;OPE26;0;0
507;false;OPE27;0;0
508;false;OPE28;0;0
509;false;OPE29;0;0
510;false;OPE30;0;0
511;false;OPE31;0;0
512;false;OPE32;0;0
513;false;OPE33;0;0
514;false;OPE34;0;0
515;false;OPE35;0;0
516;false;OPE36;0;null
517;false;OPE37;0;0
518;false;OPE38;0;0
519;false;OPE39;0;0
520;false;OPE40;0;null
521;false;OPE41;0;0
522;false;OPE42;0;0
523;false;OPE43;0;0
524;false;OPE01;1;0
525;false;OPE02;1;0
526;false;OPE03;1;0
527;false;OPE04;1;0
528;false;OPE05;1;0
529;false;OPE06;1;0
530;false;OPE07;1;
531;false;OPE08;1;0
532;false;OPE09;1;0
533;false;OPE10;1;0
534;false;OPE11;1;0
535;false;OPE12;1;0
536;false;OPE13;1;0
537;false;OPE14;1;0
538;false;OPE15;1;0
539;false;OPE16;1;
540;false;OPE17;1;0
541;false;OPE18;1;0
542;false;OPE19;1;0
543;false;OPE20;1;0
544;false;OPE21;1;0
545;false;OPE22;1;0
546;false;OPE23;1;0
547;false;OPE24;1;0
548;false;OPE25;1;0
549;false;OPE26;1;0
550;false;OPE27;1;0
551;false;OPE28;1;0
552;false;OPE29;1;0
553;false;OPE30;1;0
554;false;OPE31;1;0
555;false;OPE32;1;0
556;false;OPE33;1;0
557;false;OPE34;1;0
558;false;OPE35;1;0
559;false;OPE36;1;
560;false;OPE37;1;0
561;false;OPE38;1;0
562;false;OPE39;1;0
563;false;OPE40;1;
564;false;OPE41;1;0
565;false;OPE42;1;0
566;false;OPE43;1;0
567;false;OPE01;2;16
568;false;OPE02;2;6
569;false;OPE03;2;24
570;false;OPE04;2;24
571;false;OPE05;2;24
572;false;OPE06;2;10
573;false;OPE07;2;
574;false;OPE08;2;4
575;false;OPE09;2;10
576;false;OPE10;2;36
577;false;OPE11;2;6
578;false;OPE12;2;24
579;false;OPE13;2;10
580;false;OPE14;2;54
581;false;OPE15;2;24
582;false;OPE16;2;
583;false;OPE17;2;8
584;false;OPE18;2;18
585;false;OPE19;2;6
586;false;OPE20;2;10
587;false;OPE21;2;12
588;false;OPE22;2;24
589;false;OPE23;2;24
590;false;OPE24;2;18
591;false;OPE25;2;6
592;false;OPE26;2;36
593;false;OPE27;2;4
594;false;OPE28;2;36
595;false;OPE29;2;6
596;false;OPE30;2;24
597;false;OPE31;2;6
598;false;OPE32;2;12
599;false;OPE33;2;12
600;false;OPE34;2;0
601;false;OPE35;2;24
602;false;OPE36;2;
603;false;OPE37;2;0
604;false;OPE38;2;12
605;false;OPE39;2;24
606;false;OPE40;2;
607;false;OPE41;2;4
608;false;OPE42;2;6
609;false;OPE43;2;16
610;true;OPE01;3;18
611;true;OPE02;3;8
612;true;OPE03;3;30
613;true;OPE04;3;30
614;true;OPE05;3;30
615;true;OPE06;3;12
616;true;OPE07;3;
617;true;OPE08;3;5
618;true;OPE09;3;12
619;true;OPE10;3;42
620;true;OPE11;3;8
621;true;OPE12;3;30
622;true;OPE13;3;12
623;true;OPE14;3;54
624;true;OPE15;3;28
625;true;OPE16;3;
626;true;OPE17;3;10
627;true;OPE18;3;18
628;true;OPE19;3;8
629;true;OPE20;3;10
630;true;OPE21;3;14
631;true;OPE22;3;30
632;true;OPE23;3;30
633;true;OPE24;3;18
634;true;OPE25;3;8
635;true;OPE26;3;36
636;true;OPE27;3;6
637;true;OPE28;3;36
638;true;OPE29;3;8
639;true;OPE30;3;30
640;true;OPE31;3;8
641;true;OPE32;3;14
642;true;OPE33;3;14
643;true;OPE34;3;18
644;true;OPE35;3;24
645;true;OPE36;3;
646;true;OPE37;3;12
647;true;OPE38;3;12
648;true;OPE39;3;24
649;true;OPE40;3;
650;true;OPE41;3;5
651;true;OPE42;3;8
652;true;OPE43;3;18
653;false;OPE01;4;18
654;false;OPE02;4;6
655;false;OPE03;4;30
656;false;OPE04;4;30
657;false;OPE05;4;30
658;false;OPE06;4;12
659;false;OPE07;4;null
660;false;OPE08;4;4
661;false;OPE09;4;12
662;false;OPE10;4;42
663;false;OPE11;4;10
664;false;OPE12;4;30
665;false;OPE13;4;12
667;false;OPE14;4;54
668;false;OPE15;4;28
669;false;OPE16;4;null
670;false;OPE17;4;10
671;false;OPE18;4;18
672;false;OPE19;4;8
673;false;OPE20;4;10
674;false;OPE21;4;14
675;false;OPE22;4;30
676;false;OPE23;4;30
677;false;OPE24;4;18
678;false;OPE25;4;8
679;false;OPE26;4;36
680;false;OPE27;4;6
681;false;OPE28;4;36
682;false;OPE29;4;8
683;false;OPE30;4;30
684;false;OPE31;4;8
685;false;OPE32;4;14
686;false;OPE33;4;14
687;false;OPE34;4;18
688;false;OPE35;4;24
689;false;OPE36;4;null
690;false;OPE37;4;12
691;false;OPE38;4;12
692;false;OPE39;4;24
693;false;OPE40;4;null
694;false;OPE41;4;4
695;false;OPE42;4;8
744;false;OPE43;4;18
696;false;TRA06;0;null
697;false;TRA07;0;null
698;false;TRA08;0;null
699;false;TRA09;0;null
700;false;TRA10;0;null
701;false;TRA11;0;null
702;false;TRA12;0;null
703;false;TRA13;0;null
704;false;TRA14;0;null
705;false;TRA15;0;null
706;false;TRA06;1;null
707;false;TRA07;1;null
708;false;TRA08;1;null
709;false;TRA09;1;null
710;false;TRA10;1;null
711;false;TRA11;1;null
712;false;TRA12;1;null
713;false;TRA13;1;null
714;false;TRA14;1;null
715;false;TRA15;1;null
716;false;TRA06;2;null
717;false;TRA07;2;null
718;false;TRA08;2;null
719;false;TRA09;2;null
720;false;TRA10;2;null
721;false;TRA11;2;null
722;false;TRA12;2;null
723;false;TRA13;2;null
724;false;TRA14;2;null
725;false;TRA15;2;null
726;false;TRA07;3;null
727;false;TRA08;3;null
728;false;TRA09;3;null
729;false;TRA10;3;null
730;false;TRA11;3;null
731;false;TRA12;3;null
732;false;TRA13;3;null
733;false;TRA14;3;null
734;false;TRA15;3;null
735;false;TRA07;4;null
736;false;TRA08;4;null
737;false;TRA09;4;null
738;false;TRA10;4;null
739;false;TRA11;4;null
740;false;TRA12;4;null
741;false;TRA13;4;null
742;false;TRA14;4;null
743;false;TRA15;4;null
745;false;OPI54;0;null
746;false;OPI54;1;null
747;false;OPI54;2;null
748;true;OPI54;3;null
749;false;OPI54;4;null
750;false;OPI55;0;null
751;false;OPI55;1;null
752;false;OPI55;2;null
753;true;OPI55;3;null
754;false;OPI55;4;null
755;false;TRA16;0;null
756;false;TRA16;1;null
757;false;TRA16;2;null
758;true;TRA16;3;null
759;false;TRA16;4;null