CODE;LIBELLE;ORDRE
OPECLIPRI_ESP;Espèces;1
OPECLIPRI_CHEQ;Chèques / Cartes;2
OPECLIPRI_DAR;DAR;3
OPECLIPRI_SVE;SVE;4
OPECLIPRI_RECH;Recherches;5
OPECLIPRI_TIFI;Titres /Fiscalité;6
OPECLIPRI_EPA;Epargne;7
OPECLIPRI_VIC;Fichier / Vie du compte PRI;8
OPECLIPRI_AJUST;Ajustement Comptes Généraux;9
CRECLIPRI_OPPI;Octroi PPI;1
CRECLIPRI_PCHF;Prêts CHF;2
CRECLIPRI_DVCR;Divers Crédit;3
CRECLIPRI_EVST;Evénements Standards;4
CRECLIPRI_EVCX;Evénements Complexes;5
CRECLIPRI_AUTR;Autres Crédits;6
CRELICPRI_CAUT;Cautions émises;7
CRECLIPRI_SINI;Sinistres PRI;8
CRECLIPRI_CRCO;Crédit Consommation;9
CRECLIPRI_CPI;Demandes CPI;10
OPECLIPRI_TRA;Transverse;99
CRECLIPRI_TRA;Transverse;99
OPECLICOM_TRA;Transverse;99
OPECLICOM_AUDI;Audits ( circularisations);1
OPECLICOM_DEN;Dénonciation / Précontentieux ;2
OPECLICOM_KYC;KYC;3
OPECLICOM_COND;Conditions;4
OPECLICOM_DCLI;Mise à jour Dossier Client;5
OPECLICOM_MON;Monétique / Télématique;6
OPECLICOM_OUV;Ouverture de Compte;7
OPECLICOM_VIE;Vie du Compte;8
OPECLICOM_PLA;Placement Trésorerie Client;9
OPECLICOM_SPE;Activités Spécifique;10
OPECLICOM_FAC;Facturation Manuelle;11
OPECLICOM_EER;EER;12
OPECLICOM_AUT;Autres activités;13