﻿code;libelle
3000319747;CCT
3000329098;DIR CCT RISQ OPE
3000319773;CRE PRI
3000319771;OPE PRI
3000319772;CRE CPE
3000319770;OPE CPE
3000317738;CRE CLICOM 1
3000317730;CRE CLICOM 2
3000318051;CRE CLICOM 3
3000319846;FLUX 1
3000319847;FLUX 2
3000319843;OPE CLICOM 1
3000319844;OPE CLICOM 2
3000317771;CLIPRO
3000317770;CREDITS
3000317769;PRODUITS
3000317774;ETUD ENTR
3000317775;GEST ENTR
3000318081;MDP FRANCE
3000318082;MDP INTL
3000317777;OPE MDP
3000317885;ST CREDOC
3000317779;OPE COMPTA
3000317782;OPE RECOUV
3000317744;SUCC. OPERATIONS
3000317893;CRE CPE
3000316289;OPE CPE
3000319208;CRE PRI
3000319188;OPE PRI
3000317743;CLIPRO
3000317742;CREDITS
3000317741;PRODUITS
3000317746;ETUD ENTR
3000317747;GEST ENTR
3000318083;MDP FRANCE
3000318084;MDP INTL
3000317749;OPE MDP
3000317751;OPE COMPTA
3000319871;CRE CLICOM 1
3000387424;CRE CLICOM 2
3000387425;CRE CLICOM 3
3000319872;OPE CLICOM 1
3000387427;OPE CLICOM 2
3000319873;FLUX 1
3000387429;FLUX 2
3000387430;FLUX 3
3000317498;CLIPRO
3000317368;CREDITS
3000317367;PRODUITS
3000317371;ETUD ENTR
3000317372;GEST ENTR
3000318085;MDP FRANCE
3000318086;MDP INTL
3000317374;OPE MDP
3000317376;OPE COMPTA
3000317378;OPE RECOUV
3000317667;CLIPRO
3000317666;CREDITS
3000317665;PRODUITS
3000317670;ETUD ENTR
3000317671;GEST ENTR
3000318087;MDP FRANCE
3000318088;MDP INTL
3000317673;OPE MDP
3000317882;ST CREDOC
3000317675;OPE COMPTA
3000317499;CLIPRO
3000317382;CREDITS
3000317381;PRODUITS
3000317385;ETUD ENTR
3000317386;GEST ENTR
3000318089;MDP FRANCE
3000318090;MDP INTL
3000317388;OPE MDP
3000317390;OPE COMPTA
3000387448;CRE CLIPRI 1
3000387449;CRE CLIPRI 2
3000387450;CRE CLIPRI 3
3000387452;OPE CLIPRI 1
3000387453;OPE CLIPRI 2
3000387454;OPE CLIPRI 3
3000387456;CRE CLICOM 1
3000387457;CRE CLICOM 2
3000387458;CRE CLICOM 3
3000387460;OPE CLICOM 1
3000387461;OPE CLICOM 2
3000387463;FLUX 1
3000387464;FLUX 2
3000387465;FLUX 3
3000387545;FLUX 4
3000387551;SPECIALISTES
3000318913;OPE CREDOC
3000317495;CLIPRO
3000317332;CREDITS
3000317331;PRODUITS
3000318091;MDP FRANCE
3000318092;MDP INTL
3000317335;OPE MDP
3000317337;OPE COMPTA
3000317339;OPE RECOUV
3000318164;ETUD ENTR
3000318165;GEST ENTR
3000319852;CRE CLIPRI 1
3000319853;CRE CLIPRI 2
3000319855;OPE CLIPRI 1
3000319856;OPE CLIPRI 2
3000319858;CRE CLICOM 1
3000319859;CRE CLICOM 2
3000319860;CRE CLICOM 3
3000319861;CRE CLICOM 4
3000319862;CRE CLICOM 5
3000319864;OPE CLICOM 1
3000319865;OPE CLICOM 2
3000319783;FLUX 1
3000317515;FLUX 2
3000319471;FLUX 3
3000319792;FLUX 4
3000318964;FLUX 5
3000327933;SPECIALISTES
3000317497;CLIPRO
3000317357;CREDITS
3000317356;PRODUITS
3000318095;MDP FRANCE
3000318096;MDP INTL
3000317881;MDP ST CREDOC
3000317360;OPE MDP
3000317362;OPE COMPTA
3000317364;OPE RECOUV
3000317837;ETUD ENTR
3000317838;GEST ENTR
3000387512;CRE CLIPRI 1
3000387513;CRE CLIPRI 2
3000387514;CRE CLIPRI 3
3000387516;OPE CLIPRI 1
3000387517;OPE CLIPRI 2
3000387518;OPE CLIPRI 3
3000319800;SPECIALISTES
3000317532;CLIPRO
3000317461;CREDITS
3000317460;PRODUITS
3000317464;ETUD ENTR
3000317465;GEST ENTR
3000318097;MDP FRANCE
3000318098;MDP INTL
3000317467;OPE MDP
3000317880;ST CREDOC
3000317469;OPE COMPTA
3000317472;OPE RECOUV
3000324029;MOLIERE MDP FRANCE
3000324030;MOLIERE MDP INTL
3000324028;MOLIERE OPE MDP
3000324031;MOLIERE ST CREDOC
3000324035;MOLIERE CLIPRO
3000324033;MOLIERE CREDITS
3000324034;MOLIERE PRODUITS
3000324037;MOLIERE ETUD ENTR
3000324038;MOLIERE GEST ENTR
3000324043;MOLIERE OPE RECOUV
3000324045;MOLIERE SUC OPERATIONS
3000324047;MOLIERE SPECIALISTES
3000324049;RISQ OPE
3000324055;CRE CLIPRI 1
3000324056;CRE CLIPRI 2
3000324057;CRE CLIPRI 3
3000324059;OPE CLIPRI 1
3000324060;OPE CLIPRI 2
3000324040;MOLIERE OPE COMPTA
3000387520;CRE CLICOM 1
3000387521;CRE CLICOM 2
3000387522;CRE CLICOM 3
3000387524;OPE CLICOM 1
3000387525;OPE CLICOM 2
3000387526;OPE CLICOM 3
3000387528;FLUX 1
3000387529;FLUX 2
3000387530;FLUX 3
3000317632;CLIPRO
3000317631;CREDITS
3000317630;PRODUITS
3000317635;ETUD ENTR
3000317636;GEST ENTR
3000318099;MDP FRANCE
3000318100;MDP INTL
3000317638;OPE MDP
3000317640;OPE COMPTA
3000319780;CRE PRI
3000319778;OPE PRI
3000319779;CRE CPE
3000319777;OPE CPE
3000317791;CLIPRO
3000317790;CREDITS
3000317789;PRODUITS
3000317794;ETUD ENTR
3000317795;GEST ENTR
3000318093;MDP FRANCE
3000318094;MDP INTL
3000317797;OPE MDP
3000317799;OPE COMPTA
3000317319;SUCC. OPERATIONS
3000317482;CLIPRO
3000317318;CREDITS
3000317317;PRODUITS
3000317321;ETUD ENTR
3000317322;GEST ENTR
3000318103;MDP FRANCE
3000318104;MDP INTL
3000317324;OPE MDP
3000317326;OPE COMPTA
3000387502;CRE CLIPRI 1
3000387503;CRE CLIPRI 2
3000387504;CRE CLIPRI 3
3000387505;CRE CLIPRI 4
3000387507;OPE CLIPRI 1
3000387508;OPE CLIPRI 2
3000387509;OPE CLIPRI 3
3000387510;OPE CLIPRI 4
3000318151;SUCC. OPERATIONS
3000318150;CLIPRO
3000318149;CREDITS
3000318148;PRODUITS
3000318153;ETUD ENTR
3000318154;GEST ENTR
3000318157;MDP FRANCE
3000318158;MDP INTL
3000318156;OPE MDP
3000318160;OPE COMPTA
3000316520;APOLLON
3000316523;ARES
3000316522;ARTEMIS
3000316517;ATHENA
3000316527;CERES
3000316514;CRONOS
3000316518;DEMETER
3000316532;DIANE
3000316513;HADES
3000316516;HERA
3000316530;HERCULE
3000316519;HERMES
3000316524;HESTIA
3000316525;JUNON
3000316529;MERCURE
3000316526;MINERVE
3000316531;NEPTUNE
3000316521;POSEIDON
3000316534;TOUTATIS
3000316528;VENUS
3000316533;VULCAIN
3000316515;ZEUS
3000324063;RACINE MDP FRANCE
3000324064;RACINE MDP INTL
3000324062;RACINE OPE MDP
3000324065;RACINE ST CREDOC
3000324069;RACINE CLIPRO
3000324067;RACINE CREDITS
3000324068;RACINE PRODUITS
3000324071;RACINE ETUD ENTR
3000324072;RACINE GEST ENTR
3000324077;RACINE OPE RECOUV
3000324079;RACINE SUC OPERATIONS
3000324081;RACINE SPECIALISTES
3000324083;RISQ OPE
3000324089;RACINE CRE CLICOM 1
3000324090;RACINE CRE CLICOM 2
3000324092;RACINE OPE CLICOM 1
3000324093;RACINE OPE CLICOM 2
3000324095;RACINE FLUX 1
3000324096;RACINE FLUX 2
3000324074;RACINE OPE COMPTA
3000387490;CRE CLICOM 1
3000387491;CRE CLICOM 2
3000387492;CRE CLICOM 3
3000387548;CRE CLICOM 4
3000387494;OPE CLICOM 1
3000387495;OPE CLICOM 2
3000387496;OPE CLICOM 3
3000387498;FLUX 1
3000387499;FLUX 2
3000387500;FLUX 3
3000319748;CCT
3000316971;DIR CCT RISQ OPE
3000317697;CLIPRO
3000317696;CREDITS
3000317695;PRODUITS
3000317700;ETUD ENTR
3000317701;GEST ENTR
3000318107;MDP FRANCE
3000318108;MDP INTL
3000317703;OPE MDP
3000317884;ST CREDOC
3000317705;OPE COMPTA
3000317708;OPE RECOUV
3000324098;RONSARD MDP FRANCE
3000324099;RONSARD MDP INTL
3000324097;RONSARD OPE MDP
3000324100;RONSARD ST CREDOC
3000324104;RONSARD CLIPRO
3000324102;RONSARD CREDITS
3000324103;RONSARD PRODUITS
3000324106;RONSARD ETUD ENTR
3000324107;RONSARD GEST ENTR
3000324109;RONSARD OPE COMPTA
3000324112;RONSARD OPE RECOUV
3000324114;RONSARD SUC OPERATIONS
3000324116;RONSARD SPECIALISTES
3000324118;RISQ OPE
3000324124;CRE CLICOM 1
3000324125;CRE CLICOM 2
3000324127;OPE CLICOM 1
3000324128;OPE CLICOM 2
3000324130;RONSARD FLUX 1
3000324131;RONSARD FLUX 2
3000324133;CRE CLIPRI 1
3000324134;CRE CLIPRI 2
3000324136;OPE CLIPRI 1
3000324137;OPE CLIPRI 2
3000324139;DISTANCE
3000317757;CLIPRO
3000317756;CREDITS
3000317755;PRODUITS
3000317760;ETUD ENTR
3000317761;GEST ENTR
3000318109;MDP FRANCE
3000318110;MDP INTL
3000317763;OPE MDP
3000318544;STC CREDOC
3000317765;OPE COMPTA
3000319874;CRE CLICOM 1
3000387432;CRE CLICOM 2
3000319875;OPE CLICOM 1
3000387434;OPE CLICOM 2
3000319876;FLUX 1
3000387436;FLUX 2
3000317304;QUEN CREDITS
3000317303;QUEN PRODUITS
3000317305;QUEN SUCCESSION
3000317494;QUENT CLIPRO
3000317307;QUEN ETUD ENTR
3000317308;QUEN GEST ENTR
3000318111;QUEN MDP FRANCE
3000318112;QUEN MDP INTL
3000317310;QUEN OPE MDP
3000317312;QUEN OPE COMPTA
3000317314;QUEN OPE RECOUV
3000319425;APPUI RES ESPECES
3000317478;VENTE DISTANCE
3000319915;CRE CLICOM 1
3000387438;CRE CLICOM 2
3000387439;CRE CLICOM 3
3000319916;OPE CLICOM 1
3000387441;OPE CLICOM 2
3000319917;FLUX 1
3000387443;FLUX 2
3000387444;FLUX 3
3000387445;FLUX 4
3000317806;SUC OPERATIONS
3000317805;FRA CLIPRO
3000317804;FRA CREDITS
3000317803;FRA PRODUITS
3000317808;FRA ETUD ENTR
3000317809;FRA GEST ENTR
3000318113;FRA MDP FRANCE
3000318114;FRA MDP INTL
3000317811;FRA OPE MDP
3000317813;FRA OPE COMPTA
3000317829;A DISTANCE
3000387482;CRE CLICOM 1
3000387483;CRE CLICOM 2
3000387485;OPE CLICOM 1
3000387487;FLUX 1
3000387488;FLUX 2
3000317714;SUC OPERATIONS
3000317713;CLIPRO
3000317712;CREDITS
3000317711;PRODUITS
3000317716;ETUD ENTR
3000317717;GEST ENTR
3000318115;MDP FRANCE
3000318116;MDP INTL
3000317719;OPE MDP
3000317883;ST CREDOC
3000317721;OPE COMPTA
3000317724;OPE RECOUV
3000316537;STRAUSS DANUBE PFR
3000316540;STRAUSS VOLGA PFR
3000324025;RIS OPE
3000324026;STRAUSS SPECIALISTES
3000324157;CRE CLICOM 1
3000324158;CRE CLICOM 2
3000324160;OPE CLICOM 1
3000324161;OPE CLICOM 2
3000324163;STRAUSS FLUX 1
3000324164;STRAUSS FLUX 2
3000317734;OPE CLIPRI 1
3000318105;OPE CLIPRI 2
3000318106;OPE CLIPRI 3
3000387549;OPE CLIPRI 4
3000317736;CRE CLIPRI 1
3000317737;CRE CLIPRI 2
3000317731;CRE CLIPRI 3
3000317732;CRE CLIPRI 4
3000317727;SUC OPERATIONS
3000318050;CLIPRO
3000318049;CREDITS
3000318048;PRODUITS
3000318053;ETUD ENTR
3000318054;GEST ENTR
3000318117;MDP FRANCE
3000318118;MDP INTL
3000318056;OPE MDP
3000318637;ST CREDOC
3000318058;OPE COMPTA
3000319867;CRE CLIPRI 1
3000387402;CRE CLIPRI 2
3000387403;CRE CLIPRI 3
3000387404;CRE CLIPRI 4
3000387405;CRE CLIPRI 5
3000319868;OPE CLIPRI 1
3000387407;OPE CLIPRI 2
3000387408;OPE CLIPRI 3
3000387409;OPE CLIPRI 4
3000387410;OPE CLIPRI 5
3000387546;OPE CLIPRI 6
3000317496;CLIPRO
3000317343;CREDITS
3000317342;PRODUITS
3000317346;ETUD ENTR
3000317347;GEST ENTR
3000318119;MDP FRANCE
3000318120;MDP INTL
3000317349;OPE MDP
3000317351;OPE COMPTA
3000317353;OPE RECOUV
3000319426;APPUI RESEAU OCM
3000387547;ARS CENTRAL DROIT CPTE
3000319766;ARS REGUL CTA ADM
3000318042;COLLEC TERRIT
3000319869;CRE CLIPRI 1
3000387412;CRE CLIPRI 2
3000387413;CRE CLIPRI 3
3000387414;CRE CLIPRI 4
3000387415;CRE CLIPRI 5
3000387416;CRE CLIPRI 6
3000319870;OPE CLIPRI 1
3000387418;OPE CLIPRI 2
3000387419;OPE CLIPRI 3
3000387420;OPE CLIPRI 4
3000387421;OPE CLIPRI 5
3000387422;OPE CLIPRI 6
3000319802;SPECIALISTES
3000317531;CLIPRO
3000316911;CREDITS
3000316910;PRODUITS
3000318213;ETUDES ENTR
3000316914;GEST ENTR
3000318121;MDP FRANCE
3000318122;MDP INTL
3000316916;OPE MDP
3000316918;OPE COMPTA
3000316507;ALIZEA 7 VIVALDI
3000316506;DELTA 6 VIVALDI
3000316509;EOLIA VIVALDI
3000316538;ESALIA VIVALDI
3000316508;FLORIA X VIVALDI
3000316539;BOREA VIVALDI
3000316510;TIGERY VIVALDI
3000324023;SPECIALISTE VIVALDI
3000324024;RISQ OPE
3000324147;CRE CLIPRI 1
3000324148;CRE CLIPRI 2
3000324150;OPE CLIPRI 1
3000324151;OPE CLIPRI 2
