﻿code;libelle
3000336336;DIR CRE CLIPRI
3000336338;DIR OPE CLIPRI
3000338910;DIR CLIENT SPEC
3000346909;DIR PRIPRO
3000346913;DIR ENTR
3000346915;DIR MDP
3000346917;DIR COMPTA
3000347302;DIR PRIPRO
3000347306;DIR ENTR
3000347309;DIR MDP
3000347311;DIR COMPTA
3000347313;DIR RECOUV
3000347477;DIR APPUI RES
3000337208;DIR SUCCESSIONS
3000347316;DIR PRIPRO
3000347320;DIR ENTR
3000347323;DIR MDP
3000347325;DIR COMPTA
3000336358;DIR CRE CLIPRI
3000336359;DIR OPE CLIPRI
3000336362;DIR CRE CLICOM
3000336364;DIR OPE CLICOM
3000336366;DIR FLUX
3000338067;DIR CREDOC
3000347330;DIR PRIPRO
3000347334;DIR MDP
3000347336;DIR COMPTA
3000347338;DIR RECOUV
3000348163;DIR ENTR
3000336333;DIR CRE CLIPRI
3000336334;DIR OPE CLIPRI
3000336353;DIR EXE CLIPRI
3000347341;DIR PRIPRO
3000347345;DIR ENTR
3000347348;DIR MDP
3000347350;DIR COMPTA
3000347352;DIR RECOUV
3000348041;DIR ARS
3000336322;DIR CRE CLIPRI
3000336323;DIR OPE CLIPRI
3000336324;DIR CRE CLICOM
3000336325;DIR OPE CLICOM
3000336326;DIR FLUX
3000339973;DIR CLIENT SPEC
3000347355;DIR PRIPRO
3000347359;DIR MDP
3000347361;DIR COMPTA
3000347363;DIR RECOUV
3000347836;DIR ENTR
3000336339;DIR CRE CLICOM
3000336343;DIR OPE CLICOM
3000336345;DIR FLUX
3000347366;DIR PRIPRO
3000347370;DIR ENTR
3000347373;DIR MDP
3000347375;DIR COMPTA
3000347377;DIR RECOUV
3000347380;DIR PRIPRO
3000347384;DIR ENTR
3000347387;DIR MDP
3000347389;DIR COMPTA
3000338030;DIR CLIENT SPEC
3000347459;DIR PRIPRO
3000347463;DIR ENTR
3000347466;DIR MDP
3000347468;DIR COMPTA
3000347471;DIR RECOUV
3000347629;DIR PRIPRO
3000347634;DIR ENTR
3000347637;DIR MDP
3000347639;DIR COMPTA
3000347664;DIR PRIPRO
3000347669;DIR ENTR
3000347672;DIR MDP
3000347674;DIR COMPTA
3000347694;DIR PRIPRO
3000347699;DIR ENTR
3000347702;DIR MDP
3000347704;DIR COMPTA
3000347707;DIR RECOUV
3000337385;DIR SUCCESSIONS
3000339831;DIR CPE
3000339890;DIR PRI
3000347740;DIR PRIPRO
3000347745;DIR ENTR
3000347748;DIR MDP
3000347750;DIR COMPTA
3000338355;DIR PRI
3000339578;DIR CPE
3000347678;DIR CRE CLICOM
3000347683;DIR FLUX
3000347688;DIR OPE CLICOM
3000347768;DIR PRIPRO
3000347773;DIR ENTR
3000347776;DIR MDP
3000347778;DIR COMPTA
3000347781;DIR RECOUV
3000347754;DIR PRIPRO
3000347759;DIR ENTR
3000347762;DIR MDP
3000347764;DIR COMPTA
3000337489;DIR SUCCESSIONS
3000347710;DIR PRIPRO
3000347715;DIR ENTR
3000347718;DIR MDP
3000347720;DIR COMPTA
3000347723;DIR RECOUV
3000338357;DIR PRI
3000338572;DIR CPE
3000347788;DIR PRIPRO
3000347793;DIR ENTR
3000347796;DIR MDP
3000347798;DIR COMPTA
3000336350;DIR CRE CLICOM
3000336351;DIR OPE CLICOM
3000336352;DIR FLUX
3000337820;DIR SUCCESSIONS
3000347802;DIR PRIPRO
3000347807;DIR ENTR
3000347810;DIR MDP
3000347812;DIR COMPTA
3000347828;DIR APPUI RESEAU
3000339109;DIR OPE CLIPRI
3000339515;DIR CRE CLIPR
3000339633;DIR SUCCESSION
3000348047;DIR PRIPRO
3000348052;DIR ENTR
3000348055;DIR MDP
3000348057;DIR COMPTA
3000337821;DIR SUCCESSIONS
3000348147;DIR PRIPRO
3000348152;DIR ENTR
3000348155;DIR MDP
3000348159;DIR COMPTA
3000336346;DIR CRE CLICOM
3000336348;DIR OPE CLICOM
3000336349;DIR FLUX
3000336367;DIR CREDOC
3000336375;DIR OPE CLICOM
3000336372;DIR CRE CLICOM
3000336376;DIR FLUX
3000336385;DIR CRE CLICOM
3000336389;DIR FLUX
3000336386;DIR OPE CLICOM
3000336391;DIR CRE CLIPRI
3000336392;DIR OPE CLIPRI
3000336393;DIR CRE CLIPRI
3000336395;DIR OPE CLIPRI
3000336396;DIR CRE CLICOM
3000336398;DIR OPE CLICOM
3000336399;DIR FLUX
3000336462;DIR COMPTA
3000336464;DIR COMPTA
3000336459;DIR COMPTA
3000339671;DIR CCT
3000337865;DIR CCT
3000346565;DIR SUCCESSIONS
3000346561;DIR PRIPRO
3000346562;DIR ENTR
3000346563;DIR COMPTA
3000346571;DIR CRE CLICOM
3000346567;DIR CCT
3000346564;DIR RECOUV
3000346560;DIR MDP
3000346568;DIR CREDOC
3000346572;DIR OPE CLICOM
3000346575;DIR OPE CLIPRI
3000346531;DIR RECOUV
3000346527;DIR MDP
3000346574;DIR CRE CLIPRI
3000346576;DIR APPUI AU RESEAU
3000346566;DIR CONSEIL SPEC
3000346573;DIR FLUX
3000346530;DIR COMPTA
3000346532;DIR SUCCESSIONS
3000346533;DIR CONSEIL SPEC
3000346528;DIR PRIPRO
3000346529;DIR ENTR
3000346554;DIR CREDOC
3000346534;DIR CCT
3000346558;DIR FLUX
3000346556;DIR CRE CLICOM
3000346557;DIR OPE CLICOM
3000346541;MOLIERE MDP DIR
3000346542;DIR PRIPRO
3000346578;RACINE OPE COMPTA
3000346547;DIR CONSEIL SPEC
3000346546;DIR SUCCESSIONS
3000346551;DIR CRE CLIPRI
3000346544;DIR COMPTA
3000346545;DIR RECOUV
3000346543;DIR ENTR
3000346549;DIR CREDOC
3000346548;DIR CCT
3000346552;DIR OPE CLIPRI
3000346536;STRAUSS VALSE
3000346577;MOLIERE OPE COMPTA
3000346583;DIR CRE CLICOM
3000346582;DIR COMPTA
3000346539;DIR CCT
3000346505;ETE VIVALDI
3000346584;DIR OPE CLICOM
3000346540;DIR CONSEIL SPEC
3000346585;DIR FLUX
3000346512;ORPHEE
3000346504;PRINTEMPS VIVALDI
3000346503;HIVER VIVALDI
3000346579;DIR COMPTA
3000346537;DIR CONSEIL SPEC
3000346538;DIR CCT
3000346581;DIR OPE CLIPRI
3000346580;DIR CRE CLIPRI
3000336426;DIR CLIENT SPEC
