﻿code;libelle
3000334495;RONSARD DIRECTION
3000334996;STRAUSS DIRECTION
3000334497;MOLIERE DIRECTION
3000334997;PSC BASE ECOLE
3000334496;RACINE DIRECTION
3000334999;VIVALDI DIRECTION
3000334008;VIRY
3000334016;NICE
3000334019;LILLE
3000334023;VAL DE FONTENAY
3000334027;LYON
3000334031;CERGY
3000334039;JEMMAPES
3000334040;MARSEILLE
3000334060;MONTPELLIER
3000334063;GRENOBLE
3000334069;RENNES
3000334091;CAEN
3000334093;BORDEAUX
3000334094;ROUEN
3000334095;STRASBOURG
3000334294;NANCY
3000334295;STADE DE FRANCE
3000334315;TOULOUSE
3000334317;ORLEANS
3000334015;SAINT QUENTIN EN YVELINES
