{"firstCommitDate":{"date":{"year":2018,"month":4,"day":24},"time":{"hour":13,"minute":59,"second":55,"nano":0}},"lastCommitDate":{"date":{"year":2022,"month":12,"day":13},"time":{"hour":16,"minute":25,"second":6,"nano":0}},"commitCount":1365,"languages":{"TypeScript":{"language":"TypeScript","additions":14006,"deletions":6966},"Java":{"language":"Java","additions":35742,"deletions":6945},"JavaScript":{"language":"JavaScript","additions":92,"deletions":22}},"users":{"mouad.sbaii-ext@socgen.com":{"userName":"MOUAD SBAII","userEmail":"mouad.sbaii-ext@socgen.com","firstCommitDate":{"date":{"year":2021,"month":8,"day":3},"time":{"hour":17,"minute":11,"second":39,"nano":0}},"lastCommitDate":{"date":{"year":2021,"month":8,"day":4},"time":{"hour":16,"minute":6,"second":14,"nano":0}},"commitCount":2,"languages":{"Java":{"language":"Java","additions":14,"deletions":3,"libraries":["org.slf4j","org.slf4j.Logger","org.springframework.http","com.socgen.itim","lombok.val","org.slf4j.LoggerFactory","org.junit.Test","io.vavr.API","com.socgen","org.springframework","com.socgen.fit","io.vavr","org.springframework.util","org.junit","org.junit.Assert"]}}},"salim.chami-ext@socgen.com":{"userName":"X115278 Salim CHAMI","userEmail":"salim.chami-ext@socgen.com","firstCommitDate":{"date":{"year":2018,"month":7,"day":3},"time":{"hour":18,"minute":7,"second":2,"nano":0}},"lastCommitDate":{"date":{"year":2018,"month":9,"day":7},"time":{"hour":9,"minute":56,"second":50,"nano":0}},"commitCount":25,"languages":{"TypeScript":{"language":"TypeScript","additions":1767,"deletions":482,"libraries":["../shared/shared.module","./completude.component","../model/infos-generales","ngx-bootstrap","../../model/info-tiers","./pieces-bancaires/pieces-bancaires.component","../model/interrogations","../../model/infos-generales","./context","./pieces-justificatives/pieces-justificatives.component","@angular/common","rxjs/internal-compatibility","../liste-icon/liste-icon.component","../../shared/spinner/spinner.component","./liste-icon/liste-icon.component","../../model/document","./documents-bancaires.component","./synthese.service","./info-tiers","../../shared/icon/icon.component","./synthese/synthese.service","../common/spinner/spinner.component","../shared/icon/icon.component","../expansion/expansion.component","rxjs","../model/document","@angular/forms","../../app.constant","../common/icon/icon.component","../../common/spinner/spinner.component","../common/status-icon/status-icon.component","./info-tiers/info-tiers.component","./completude-routing.module","./interrogations.service","@angular/common/http/testing","../../common/icon/icon.component","../../shared/status-icon/status-icon.component","./synthese.component","@angular/router","../../common/status-icon/status-icon.component","@angular/core/testing","@angular/common/http","@angular/core","./interrogations/interrogations.service","rxjs/operators","../../prospect/prospect.service","../synthese/synthese.service","../../model/interrogations","../prospect/prospect.service","../documents-bancaires/documents-bancaires.component","../shared/status-icon/status-icon.component","./synthese/synthese.component","./expansion/expansion.component","./info-generales/info-generales.component","./completude.service","../shared/spinner/spinner.component","../model/info-tiers","./interrogations/interrogations.component","./documents-bancaires/documents-bancaires.component"]},"Java":{"language":"Java","additions":64,"deletions":36,"libraries":["org.apache.commons","org.mockito","com.socgen.itim","org.mockito.Mock","org.mockito.Matchers","org.hamcrest.Matchers","cucumber.api","com.socgen","org.mockito.Mockito","org.mockito.MockitoAnnotations","cucumber.api.junit","cucumber.api.Transform","cucumber.api.CucumberOptions","cucumber.api.java","com.socgen.fit","org.junit.runner","org.junit","org.hamcrest","org.junit.Assert","cucumber.api.DataTable","org.apache"]},"JavaScript":{"language":"JavaScript","additions":10,"deletions":2,"libraries":[]}}},"jacques-olivier.coulibaly@socgen.com":{"userName":"Olivier Coulibaly","userEmail":"jacques-olivier.coulibaly@socgen.com","firstCommitDate":{"date":{"year":2020,"month":9,"day":29},"time":{"hour":14,"minute":43,"second":53,"nano":0}},"lastCommitDate":{"date":{"year":2022,"month":2,"day":17},"time":{"hour":11,"minute":12,"second":6,"nano":0}},"commitCount":68,"languages":{"TypeScript":{"language":"TypeScript","additions":747,"deletions":272,"libraries":["../shared/shared.module","core-js/es6/set","@angular/router/testing","./bienvenue-popin/bienvenue-popin.component","../../model/audit/audit-requalification","./interrogations","./completude.component","./statut-piece-identite-prospect","../../model/info-tiers","./requalification-toolbar/requalification-toolbar.component","../../model/document/document-tiers","../../../model/lov","../../../shared/status-icon/status-icon.component","./synthese-row.component","ngx-bootstrap/collapse","../../model/document/id-document-fourni","../model/document/status-document","@angular/common","./app.service","./app.component","../model/document/document-tiers","../../model/lov","zone.js/dist/proxy.js","./requalification-toolbar.service","../info-tiers/info-tiers.component","../../../tests/samples/interrogations.samples.spec","core-js/es6/symbol","./pieces-justificatives.service","./synthese.service","ts-mocks","../../../shared/service/lov.service","../../../model/requalification","./requalification-response","../../audit/audit.service","zone.js/dist/sync-test","./recreer-popin.component","web-animations-js","./synthese/synthese-row/synthese-row.component","../pieces-justificatives/pieces-justificatives.service","core-js/es7/reflect","./requalification/modal-requalif/modal-requalif.component","rxjs","./expansion.component","./pieces-justificatives.component","@angular/forms","./document-tiers","zone.js/dist/jasmine-patch","core-js/es6/date","./ui/toaster/toaster.component","../ui/toaster/toaster.service","ngx-bootstrap/modal","./authentication/auth-guard/no-context-auth-guard","../requalification/modal-requalif/modal-requalif.component","../audit/audit.service","./document/documents-tiers-response","../shared/service/lov.service","core-js/es6/parse-float","./roles/role.directive","core-js/es6/function","@angular/core/testing","../../../tests/samples/info-generales.samples.spec","@angular/core","rxjs/operators","../../prospect/prospect.service","core-js/es7/object","./message-info/message-info.component","../../model/interrogations","rxjs/internal/Subject","@angular/platform-browser-dynamic/testing","../../../technical/unsubscriber-handler","./representant-legal","../../model/audit/audit-document-fourni","./synthese/synthese.component","core-js/es7/array","rxjs/internal/Subscription","../shared/spinner/spinner.component","intl","./message/message.component","ngx-bootstrap/tooltip","../../model/document/document-fourni","./shared-event.service","file-saver","./toaster.component","ng-mocks","../../model/document/status-document","./modal-requalif.component","core-js/es6/map","core-js/es6/string","../../model/erreur-api","../../../shared/icon/icon.component","rxjs/internal/Observable","ngx-bootstrap/popover","../../../app.constant","../model/infos-generales","../app.constant","../../ui/toaster/toaster.service","ngx-logger","./technical/version.service","../model/interrogations","../../model/infos-generales","./lazy-services/lazy-services.module","../../model/document/document-attendu","core-js/es6/array","./pieces-justificatives/pieces-justificatives.component","../liste-icon/liste-icon.component","../../model/toast","rxjs/internal/observable/of","../../../model/erreur-api","classlist.js","../../shared/spinner/spinner.component","@angular/platform-browser/animations","zone.js/dist/zone","./prospect/prospect.service","./liste-icon/liste-icon.component","../requalification-toolbar/requalification-toolbar.component","../../model/document","core-js/es6/object","../../../ui/toaster/toaster.service","./message.component","zone.js/dist/long-stack-trace-zone","../../shared/icon/icon.component","./context.component","./synthese/synthese.service","../shared/icon/icon.component","./authentication/authentication.service","../expansion/expansion.component","../roles/role.directive","../../app/model/infos-generales","zone.js/dist/fake-async-test","./info-generales/recreer-popin/recreer-popin.component","../model/document","../technical/unsubscriber-handler","core-js/es6/number","../../app.constant","./shared/icon/icon.component","./info-tiers/info-tiers.component","./document-attendu","intl/locale-data/jsonp/en","./info-generales.service","core-js/es6/weak-map","./app.constant","./completude-routing.module","../../../model/audit/audit-requalification","../info-generales.service","./interrogations.service","@angular/common/http/testing","../../model/document/statut-piece-identite-prospect","ngx-webstorage","../../shared/status-icon/status-icon.component","../../model/creation-espace","@angular/router","../../technical/unsubscriber-handler","../../../shared/spinner/spinner.component","core-js/es6/parse-int","./message-info.component","@angular/common/http","../shared-event.service","../model/completude","./status-document","./document-fourni","../../authentication/authentication.service","../prospect/prospect.service","ngx-logger/testing","./ui/toaster/toaster.service","./icon.component","zone.js/dist/async-test","./expansion/expansion.component","./info-generales/info-generales.component","core-js/es6/math","core-js/es6/regexp","./completude.service","./info-generales.component","../message/message.component","../model/info-tiers","./bienvenue-popin.component","./interrogations/interrogations.component","../model/document/documents-tiers-response","../lazy-services/lazy-services.module","./interrogations.component","core-js/es6/reflect","../requalification/requalification.service","../../../authentication/authentication.service","../../../model/interrogations","./infos-generales","../requalification.service","lodash/fp"]},"Java":{"language":"Java","additions":1203,"deletions":466,"libraries":["org.apache.commons","org.assertj","org.springframework.beans","org.slf4j","org.springframework.http","org.mockito.ArgumentMatchers","lombok.extern","io.swagger","org.slf4j.LoggerFactory","lombok.RequiredArgsConstructor","org.hibernate","org.springframework.test","io.micrometer.core","org.mockito.MockitoAnnotations","org.springframework","com.fasterxml.jackson","lombok.ToString","io.cucumber.java8","io.swagger.annotations","org.springframework.util","org.mockito","com.socgen.itim","org.glassfish.jersey","lombok.AccessLevel.NONE","io.github.resilience4j","org.springframework.web","lombok.EqualsAndHashCode","com.socgen","org.springframework.core","org.hamcrest.MatcherAssert","lombok.Builder","com.socgen.fit","lombok.extern.slf4j","org.springframework.stereotype","org.mockito.internal","org.aspectj","org.springframework.context","com.fasterxml","org.apache","lombok.Setter","lombok.Getter","org.assertj.core","org.mockito.Mock","org.jetbrains.annotations","io.cucumber.spring","io.vavr.API","lombok.Value","lombok.AccessLevel","io.cucumber.datatable","org.jetbrains","org.junit.Before","io.vavr.control","org.slf4j.Logger","io.vavr.Predicates","lombok.val","com.socgen.dga","org.hamcrest.Matchers","io.micrometer","org.junit.Test","org.glassfish","org.springframework.boot","org.mockito.Mockito","org.slf4j.MDC","io.vavr","io.github","org.aspectj.lang","lombok.Data","org.hamcrest","org.junit","org.hibernate.bytecode","lombok.AllArgsConstructor","io.cucumber","org.junit.Assert","lombok.NoArgsConstructor","io.cucumber.java"]},"JavaScript":{"language":"JavaScript","additions":1,"deletions":1,"libraries":[]}}},"axel.nini@socgen.com":{"userName":"a467119 Axel Nini","userEmail":"axel.nini@socgen.com","firstCommitDate":{"date":{"year":2018,"month":7,"day":13},"time":{"hour":10,"minute":31,"second":26,"nano":0}},"lastCommitDate":{"date":{"year":2019,"month":1,"day":31},"time":{"hour":17,"minute":3,"second":30,"nano":0}},"commitCount":48,"languages":{"TypeScript":{"language":"TypeScript","additions":1665,"deletions":1140,"libraries":["../shared/shared.module","@angular/router/testing","./completude.component","ngx-bootstrap","../../model/info-tiers","./requalification-toolbar/requalification-toolbar.component","./app/app.module","./pieces-bancaires/pieces-bancaires.component","../../../model/lov","@angular/common","./app.service","./prospect.service","./app.component","zone.js/dist/proxy.js","../info-tiers/info-tiers.component","./requalification-toolbar.service","./requalification/requalification.service","./pieces-justificatives.service","./synthese.service","../../../shared/service/lov.service","./info-tiers","../../../model/requalification","zone.js/dist/sync-test","./synthese/synthese-row/synthese-row.component","./completude/completude.module","./requalification/modal-requalif/modal-requalif.component","@angular/platform-browser-dynamic","rxjs","./expansion.component","./pieces-justificatives.component","@angular/forms","../../tests/samples/interrogations.samples.spec","./info-generales/info-generales.service","../common/icon/icon.component","../../common/spinner/spinner.component","zone.js/dist/jasmine-patch","./reprensentant-legal.sample.spec","../common/status-icon/status-icon.component","@angular/platform-browser","./authentication/auth-guard/no-context-auth-guard","../requalification/modal-requalif/modal-requalif.component","../../common/icon/icon.component","./roles/role.directive","rxjs/internal/observable/empty","../../common/status-icon/status-icon.component","@angular/core/testing","../../../tests/samples/info-generales.samples.spec","./roles/requalification.directive","@angular/core","rxjs/operators","../../prospect/prospect.service","../synthese/synthese.service","./completude/completude.component","./version.service","../../model/interrogations","./message-info/message-info.component","@angular/platform-browser-dynamic/testing","../../../technical/unsubscriber-handler","./synthese-row/synthese-row.component","./representant-legal","./synthese/synthese.component","../completude.module","../shared/spinner/spinner.component","./message/message.component","@angular/common/locales/fr","./prospect/prospect.module","rxjs/index","ng-mocks","./status-icon.component","./context/context.component","../../model/erreur-api","./RepresentantLegal","rxjs/internal/Observable","../../../app.constant","./technical/technical.module","../model/infos-generales","../app.constant","rxjs/add/observable/of","./info-generales.samples.spec","ngx-logger","../../ui/toaster/toaster.service","./context/context.service","./technical/version.service","../model/interrogations","./info-tiers.component","../../model/infos-generales","./context","./authentication.service","./pieces-justificatives/pieces-justificatives.component","./model/context","../liste-icon/liste-icon.component","./liste-icon.component","../icon/icon.component","rxjs/internal/observable/of","../../model/toast","../../shared/spinner/spinner.component","./prospect/prospect.service","../requalification-toolbar/requalification-toolbar.component","./liste-icon/liste-icon.component","../../model/document","./message.component","rxjs/Observable","zone.js/dist/long-stack-trace-zone","../../shared/icon/icon.component","./context.component","./synthese/synthese.service","../common/spinner/spinner.component","../shared/icon/icon.component","./authentication/authentication.service","../expansion/expansion.component","../roles/role.directive","../completude.service","./pieces-bancaires.component","zone.js/dist/fake-async-test","../model/document","./app.requestInterceptor","../../app/model/info-tiers","../../app.constant","../../model/utilisateur","../../model/requalification","../../app/model/interrogations","./info-tiers/info-tiers.component","./app-routing.module","./app.constant","./completude-routing.module","../requalification-toolbar/requalification-toolbar.service","./interrogations.service","@angular/common/http/testing","./model/infos-generales","ngx-webstorage","../../shared/status-icon/status-icon.component","./synthese.component","@angular/router","../../technical/unsubscriber-handler","./common/auth-guard/no-context-auth-guard","@angular/common/http","./requalification-toolbar.component","./toaster.service","./interrogations/interrogations.service","./environments/environment","../../authentication/authentication.service","../prospect/prospect.service","../shared/status-icon/status-icon.component","./icon.component","@angular/http/src/http_utils","./common/auth-guard/NoContextAuthGuard","zone.js/dist/async-test","./expansion/expansion.component","./context/context.module","../../../tests/samples/reprensentant-legal.sample.spec","./info-generales/info-generales.component","./completude.service","./info-generales.component","../../context/context.service","../message/message.component","../model/info-tiers","./interrogations/interrogations.component","./requalification-toolbar/requalification-toolbar.service","./authentication/authentication.module","./interrogations.component","../../../authentication/authentication.service","../requalification/requalification.service","../../../model/interrogations","./documents-bancaires/documents-bancaires.component","./infos-generales","../requalification.service"]},"Java":{"language":"Java","additions":704,"deletions":109,"libraries":["org.apache.commons","org.springframework.beans","org.hamcrest.CoreMatchers","org.slf4j","org.mockito.ArgumentMatchers","io.swagger","com.google.protobuf","org.slf4j.LoggerFactory","org.springframework.test","cucumber.api","org.mockito.MockitoAnnotations","cucumber.api.Transform","org.springframework","com.fasterxml.jackson","com.codahale.metrics","io.swagger.annotations","org.springframework.util","cucumber.api.DataTable","com.google","org.junit.AfterClass","org.mockito","com.socgen.itim","org.glassfish.jersey","io.swagger.models","io.swagger.jaxrs","io.restassured","com.socgen","org.springframework.core","org.junit.rules","org.hamcrest.MatcherAssert","lombok.Builder","com.socgen.fit","org.springframework.stereotype","org.springframework.context","io.restassured.RestAssured","com.fasterxml","org.apache","lombok.Setter","lombok.","org.junit.BeforeClass","lombok.Getter","org.mockito.Mock","org.mockito.Matchers","lombok.AccessLevel","io.swagger.parser","org.junit.Before","org.mockito.InjectMocks","org.slf4j.Logger","com.socgen.dga","com.codahale","org.hamcrest.Matchers","org.junit.Test","org.glassfish","org.springframework.boot","org.mockito.Mockito","org.springframework.cache","org.junit.Rule","cucumber.api.java","lombok.Data","org.junit.runner","org.mockito.junit","org.junit","org.hamcrest","org.junit.Assert","lombok.AllArgsConstructor","lombok.NoArgsConstructor"]}}},"rafik.harzi-ext@socgen.com":{"userName":"Rafik HARZI","userEmail":"rafik.harzi-ext@socgen.com","firstCommitDate":{"date":{"year":2018,"month":9,"day":26},"time":{"hour":11,"minute":39,"second":25,"nano":0}},"lastCommitDate":{"date":{"year":2018,"month":9,"day":26},"time":{"hour":11,"minute":39,"second":25,"nano":0}},"commitCount":1,"languages":{}},"fabien.bourdoulous@socgen.com":{"userName":"FABIEN BOURDOULOUS","userEmail":"fabien.bourdoulous@socgen.com","firstCommitDate":{"date":{"year":2021,"month":12,"day":22},"time":{"hour":12,"minute":14,"second":21,"nano":0}},"lastCommitDate":{"date":{"year":2022,"month":11,"day":17},"time":{"hour":10,"minute":2,"second":44,"nano":0}},"commitCount":3,"languages":{}},"guillaume.lourdelle-theron@socgen.com":{"userName":"Guillaume LOURDELLE-THERON","userEmail":"guillaume.lourdelle-theron@socgen.com","firstCommitDate":{"date":{"year":2022,"month":11,"day":2},"time":{"hour":14,"minute":55,"second":7,"nano":0}},"lastCommitDate":{"date":{"year":2022,"month":12,"day":16},"time":{"hour":12,"minute":1,"second":54,"nano":0}},"commitCount":18,"languages":{"TypeScript":{"language":"TypeScript","additions":7,"deletions":21,"libraries":["../../model/erreur-api","./pieces-justificatives.service","../../model/audit/audit-document-fourni","../../model/info-tiers","../../ui/toaster/toaster.service","ngx-logger","../../model/document/document-tiers","../audit/audit.service","../../model/document/document-fourni","file-saver","../../model/document/document-attendu","../lazy-services/lazy-services.module","../../model/document/status-document","../../model/document/id-document-fourni","rxjs","../shared-event.service","@angular/common/http","@angular/core"]},"Java":{"language":"Java","additions":116,"deletions":314,"libraries":["org.apache.commons","org.assertj","org.springframework.beans","io.vavr.Predicates","lombok.extern","io.swagger","com.socgen.itim","org.assertj.core","lombok.val","com.socgen.dga","org.junit.Test","io.vavr.API","com.socgen","org.springframework","lombok.extern.slf4j","org.springframework.stereotype","com.socgen.fit","io.vavr","io.swagger.annotations","org.junit","org.junit.Assert","org.apache","org.junit.Before"]}}},"ninh.dinh-ext@socgen.com":{"userName":"x164432 Ninh DINH","userEmail":"ninh.dinh-ext@socgen.com","firstCommitDate":{"date":{"year":2018,"month":4,"day":24},"time":{"hour":13,"minute":59,"second":55,"nano":0}},"lastCommitDate":{"date":{"year":2022,"month":11,"day":16},"time":{"hour":15,"minute":14,"second":9,"nano":0}},"commitCount":135,"languages":{"TypeScript":{"language":"TypeScript","additions":628,"deletions":110,"libraries":["../shared/shared.module","lodash","@angular/router/testing","./completude.component","../../model/info-tiers","ngx-bootstrap","./requalification-toolbar/requalification-toolbar.component","./pieces-bancaires/pieces-bancaires.component","../../../model/lov","../config/config.service","./context.service","../model/document/status-document","./app.service","@angular/common","./app.component","../../model/lov","./requalification/requalification.service","../info-tiers/info-tiers.component","./pieces-justificatives.service","ts-mocks","../../../shared/service/lov.service","./info-tiers","../../../model/requalification","../../audit/audit.service","./synthese/synthese-row/synthese-row.component","../pieces-justificatives/pieces-justificatives.service","./requalification/modal-requalif/modal-requalif.component","rxjs","./pieces-justificatives.component","@angular/forms","../../tests/samples/interrogations.samples.spec","./info-generales/info-generales.service","../common/icon/icon.component","./ui/toaster/toaster.component","../ui/toaster/toaster.service","../requalification/modal-requalif/modal-requalif.component","../audit/audit.service","../shared/service/lov.service","./roles/role.directive","@angular/core/testing","../../../tests/samples/info-generales.samples.spec","@angular/core","rxjs/operators","../../prospect/prospect.service","../synthese/synthese.service","./message-info/message-info.component","../../model/interrogations","../../../technical/unsubscriber-handler","./representant-legal","../../model/audit","./synthese/synthese.component","../../../model/audit","rxjs/internal/Subscription","../completude.module","../shared/spinner/spinner.component","./message/message.component","./shared-event.service","file-saver","rxjs/index","ng-mocks","./modal-requalif.component","../../model/erreur-api","../../../shared/icon/icon.component","rxjs/internal/Observable","../../../app.constant","../model/infos-generales","../app.constant","../../ui/toaster/toaster.service","ngx-logger","./technical/version.service","../model/interrogations","./context","./lazy-services/lazy-services.module","./pieces-justificatives/pieces-justificatives.component","../liste-icon/liste-icon.component","rxjs/internal/observable/of","../../../model/erreur-api","../../shared/spinner/spinner.component","@angular/platform-browser/animations","../model/relance-completude-result","./prospect/prospect.service","./liste-icon/liste-icon.component","../requalification-toolbar/requalification-toolbar.component","../../model/document","rxjs/Observable","../../shared/icon/icon.component","./synthese/synthese.service","./audit.service","./authentication/authentication.service","../shared/icon/icon.component","../expansion/expansion.component","../roles/role.directive","./pieces-justificatives/pieces-justificatives.service","./config","../model/document","../technical/unsubscriber-handler","../../app.constant","../../model/utilisateur","../../model/requalification","./shared/icon/icon.component","./info-tiers/info-tiers.component","./app.constant","./completude-routing.module","../requalification-toolbar/requalification-toolbar.service","./interrogations.service","@angular/common/http/testing","ngx-webstorage","../../shared/status-icon/status-icon.component","@angular/router","../../technical/unsubscriber-handler","../../../shared/spinner/spinner.component","../model/completude","@angular/common/http","./interrogations/interrogations.service","../../authentication/authentication.service","./config.service","../prospect/prospect.service","../shared/status-icon/status-icon.component","ngx-logger/testing","./ui/toaster/toaster.service","./expansion/expansion.component","./info-generales/info-generales.component","../../../tests/samples/reprensentant-legal.sample.spec","./completude.service","rxjs/observable/ErrorObservable","../message/message.component","../model/info-tiers","./interrogations/interrogations.component","./requalification-toolbar/requalification-toolbar.service","../lazy-services/lazy-services.module","./interrogations.component","../requalification/requalification.service","../../../authentication/authentication.service","../../../model/interrogations","./documents-bancaires/documents-bancaires.component","./infos-generales","lodash/fp","../requalification.service"]},"Java":{"language":"Java","additions":17371,"deletions":1860,"libraries":["org.assertj","org.springframework.beans","org.springframework.http","org.mockito.ArgumentMatchers","com.google.protobuf","org.springframework.test","org.powermock","cucumber.api","org.hibernate.validator","org.mockito.MockitoAnnotations","cucumber.api.Transform","org.powermock.core","org.springframework","com.codahale.metrics","cucumber.api.DataTable","com.google","org.mockito","org.glassfish.jersey","com.socgen.com","io.swagger.jaxrs","org.springframework.core","org.junit.rules","lombok.extern.slf4j","org.springframework.data","org.mockito.Mock","org.powermock.api","org.jetbrains.annotations","io.vavr.API","lombok.AccessLevel","org.junit.Before","org.mockito.InjectMocks","lombok.val","org.junit.Test","io.micrometer","com.google.common","org.springframework.boot","cucumber.api.java","org.slf4j.MDC","io.github","org.mockito.junit","org.junit","org.hamcrest","org.junit.Assert","lombok.NoArgsConstructor","org.apache.commons","org.hamcrest.CoreMatchers","org.slf4j","lombok.extern","io.swagger","lombok.SneakyThrows","org.junit.","org.slf4j.LoggerFactory","lombok.RequiredArgsConstructor","org.hibernate","io.micrometer.core","com.ryantenney.metrics","com.fasterxml.jackson","lombok.ToString","io.swagger.annotations","org.springframework.util","com.socgen.itim","io.swagger.models","org.mockito.runners","io.github.resilience4j","lombok.EqualsAndHashCode","com.socgen","org.apache.catalina","org.hamcrest.MatcherAssert","lombok.Builder","org.springframework.stereotype","com.socgen.fit","org.springframework.context","org.apache","com.fasterxml","lombok.Setter","lombok.","lombok.Getter","org.assertj.core","org.mockito.Matchers","lombok.Value","com.github.tomakehurst","io.cucumber.datatable","io.swagger.parser","org.jetbrains","com.github","org.slf4j.Logger","org.powermock.modules","com.socgen.dga","org.hamcrest.Matchers","com.codahale","org.glassfish","org.junit.jupiter","org.mockito.Mockito","org.springframework.cache","com.ryantenney","io.vavr","lombok.Data","org.junit.runner","io.cucumber","lombok.AllArgsConstructor","io.cucumber.java"]}}},"celien.creminon-ext@socgen.com":{"userName":"Celien CREMINON","userEmail":"celien.creminon-ext@socgen.com","firstCommitDate":{"date":{"year":2022,"month":11,"day":2},"time":{"hour":15,"minute":15,"second":29,"nano":0}},"lastCommitDate":{"date":{"year":2022,"month":12,"day":8},"time":{"hour":16,"minute":12,"second":0,"nano":0}},"commitCount":3,"languages":{"Java":{"language":"Java","additions":12,"deletions":0,"libraries":["org.apache.commons","org.springframework.beans","lombok.extern","org.springframework","lombok.extern.slf4j","org.springframework.stereotype","org.apache"]}}},"mouad.sbaii-ext@socgen":{"userName":"X178637","userEmail":"mouad.sbaii-ext@socgen","firstCommitDate":{"date":{"year":2021,"month":10,"day":4},"time":{"hour":14,"minute":37,"second":4,"nano":0}},"lastCommitDate":{"date":{"year":2021,"month":12,"day":20},"time":{"hour":15,"minute":29,"second":28,"nano":0}},"commitCount":19,"languages":{"Java":{"language":"Java","additions":1176,"deletions":95,"libraries":["org.apache.commons","org.springframework.beans","org.slf4j","lombok.extern","lombok.Getter","org.jetbrains.annotations","org.slf4j.LoggerFactory","lombok.RequiredArgsConstructor","org.hibernate","io.vavr.API","org.springframework","com.fasterxml.jackson","lombok.ToString","org.springframework.util","org.jetbrains","org.slf4j.Logger","com.socgen.itim","org.glassfish.jersey","lombok.NonNull","lombok.val","lombok.EqualsAndHashCode","org.glassfish","com.socgen","org.springframework.boot","org.junit.jupiter","lombok.Builder","com.socgen.fit","org.springframework.stereotype","lombok.extern.slf4j","io.vavr","lombok.Data","org.junit","org.springframework.context","org.hibernate.bytecode","org.apache","com.fasterxml"]}}},"dsi_ars_sde_java@socgen.com":{"userName":"spice","userEmail":"dsi_ars_sde_java@socgen.com","firstCommitDate":{"date":{"year":2018,"month":8,"day":22},"time":{"hour":14,"minute":51,"second":42,"nano":0}},"lastCommitDate":{"date":{"year":2022,"month":12,"day":16},"time":{"hour":16,"minute":15,"second":54,"nano":0}},"commitCount":418,"languages":{}},"regis.limare-ext@socgen.com":{"userName":"Régis LIMARE","userEmail":"regis.limare-ext@socgen.com","firstCommitDate":{"date":{"year":2018,"month":5,"day":16},"time":{"hour":17,"minute":2,"second":19,"nano":0}},"lastCommitDate":{"date":{"year":2021,"month":4,"day":26},"time":{"hour":11,"minute":48,"second":51,"nano":0}},"commitCount":583,"languages":{"TypeScript":{"language":"TypeScript","additions":9058,"deletions":4835,"libraries":["./dashboard/dashboard.component","./interrogations","../../model/info-tiers","ngx-bootstrap","core-js/es/map","./app/app.module","./pieces-bancaires/pieces-bancaires.component","core-js/es/function","./synthese-row.component","core-js/es/parse-int","./spinner/spinner.component","../../model/lov","../info-tiers/info-tiers.component","../../../tests/samples/interrogations.samples.spec","./requalification/requalification.service","./synthese.service","../../../model/requalification","./common/spinner/spinner.component","zone.js/dist/sync-test","./completude/completude.module","rxjs","../../tests/samples/interrogations.samples.spec","./info-generales/info-generales.service","../common/icon/icon.component","../../common/spinner/spinner.component","./context-routing.module","core-js/es6/date","./context.module","../requalification/modal-requalif/modal-requalif.component","../audit/audit.service","../shared/service/lov.service","../../common/icon/icon.component","core-js/es6/parse-float","./roles/role.directive","../../common/status-icon/status-icon.component","@angular/core/testing","./dashboard.component","./requalification.service","./roles/requalification.directive","@angular/core","../../prospect/prospect.service","../synthese/synthese.service","core-js/es7/object","./message-info/message-info.component","../../model/interrogations","../../model/audit","./representant-legal","./synthese/synthese.component","../shared/spinner/spinner.component","intl","./message/message.component","@angular/common/locales/fr","ngx-bootstrap/tooltip","./prospect/prospect.module","./shared-event.service","./toaster.component","./status-icon.component","core-js/es6/map","core-js/es6/string","../../completude/lazy-services/lazy-services.module","../../../shared/icon/icon.component","ngx-bootstrap/popover","../../../app.constant","../app.constant","core-js/es/object","ngx-logger","./context/context.service","./technical/version.service","./modal-requalif/requalification-response","core-js/es6/array","./authentication.service","./pieces-justificatives/pieces-justificatives.component","./liste-icon.component","../icon/icon.component","../../model/toast","../../../model/erreur-api","../requalification-toolbar/requalification-toolbar.component","./documents-bancaires.component","core-js/es6/object","../../../ui/toaster/toaster.service","./message.component","rxjs/Observable","../../app/model/representant-legal","../../shared/icon/icon.component","./synthese/synthese.service","../common/spinner/spinner.component","../shared/icon/icon.component","core-js/es/parse-float","../expansion/expansion.component","../../app/model/infos-generales","./pieces-bancaires.component","../technical/unsubscriber-handler","rxjs/Subject","../../app.constant","../../app/model/info-tiers","../../model/requalification","./document","./shared/icon/icon.component","intl/locale-data/jsonp/en","@ng-bootstrap/ng-bootstrap","./completude-routing.module","../requalification-toolbar/requalification-toolbar.service","./interrogations.service","@angular/common/http/testing","./dashboard/dashboard.module","../../shared/status-icon/status-icon.component","./synthese.component","./message-info.component","../../../shared/spinner/spinner.component","./common/auth-guard/no-context-auth-guard","../model/completude","../shared-event.service","./interrogations/interrogations.service","./toaster.service","./environments/environment","../prospect/prospect.service","../shared/status-icon/status-icon.component","ngx-logger/testing","./common/auth-guard/NoContextAuthGuard","zone.js/dist/async-test","./info-generales/info-generales.component","core-js/es6/math","./completude.service","./info-generales.component","../../context/context.service","../message/message.component","../model/info-tiers","./requalification-toolbar/requalification-toolbar.service","../lazy-services/lazy-services.module","./authentication/authentication.module","./interrogations.component","./documents-bancaires/documents-bancaires.component","./infos-generales","lodash/fp","core-js/es/set","lodash","../shared/shared.module","@angular/router/testing","core-js/es6/set","./completude.component","./requalification-toolbar/requalification-toolbar.component","./dashboard.service","../../../model/lov","../../../shared/status-icon/status-icon.component","./context.service","ngx-bootstrap/collapse","core-js/es/regexp","./app.service","@angular/common","./prospect.service","./app.component","zone.js/dist/proxy.js","./requalification-toolbar.service","./status-icon/status-icon.component","core-js/es6/symbol","./pieces-justificatives.service","ts-mocks","../../../shared/service/lov.service","./info-tiers","./requalification-response","../../audit/audit.service","rxjs/Rx","web-animations-js","../pieces-justificatives/pieces-justificatives.service","./synthese/synthese-row/synthese-row.component","core-js/es7/reflect","./requalification/modal-requalif/modal-requalif.component","core-js/es/symbol","@angular/platform-browser-dynamic","./expansion.component","./completude.module","./pieces-justificatives.component","@angular/forms","zone.js/dist/jasmine-patch","./reprensentant-legal.sample.spec","../common/status-icon/status-icon.component","./ui/toaster/toaster.component","../ui/toaster/toaster.service","@angular/platform-browser","ngx-bootstrap/modal","./authentication/auth-guard/no-context-auth-guard","core-js/es/number","rxjs/internal/observable/empty","core-js/es6/function","../../../tests/samples/info-generales.samples.spec","rxjs/operators","./completude/completude.component","./version.service","rxjs/internal/Subject","@angular/platform-browser-dynamic/testing","../../../technical/unsubscriber-handler","./synthese-row/synthese-row.component","rxjs/add/operator/do","../../../model/audit","core-js/es/reflect","core-js/es7/array","rxjs/internal/Subscription","core-js/es/date","../completude.module","./icon/icon.component","file-saver","rxjs/index","./app.po","ng-mocks","protractor","./lov.service","./modal-requalif.component","./context/context.component","../../model/erreur-api","rxjs/internal/Observable","./technical/technical.module","../model/infos-generales","rxjs/add/observable/of","./info-generales.samples.spec","../../ui/toaster/toaster.service","../model/interrogations","core-js/es/string","./info-tiers.component","../../model/infos-generales","./context","./lazy-services/lazy-services.module","./model/context","../liste-icon/liste-icon.component","rxjs/internal/observable/of","classlist.js","../../shared/spinner/spinner.component","zone.js/dist/zone","@angular/platform-browser/animations","./prospect/prospect.service","./liste-icon/liste-icon.component","../../model/document","zone.js/dist/long-stack-trace-zone","./context.component","./audit.service","./authentication/authentication.service","../roles/role.directive","../completude.service","zone.js/dist/fake-async-test","./pieces-justificatives/pieces-justificatives.service","../model/document","core-js/es6/number","./app.requestInterceptor","../../model/utilisateur","rxjs/add/operator/map","./info-tiers/info-tiers.component","../../app/model/interrogations","core-js/es6/weak-map","./app-routing.module","./info-generales.service","./app.constant","rxjs/add/observable/empty","./model/infos-generales","ngx-webstorage","./shared.module","rxjs/add/operator/take","@angular/router","../../technical/unsubscriber-handler","core-js/es6/parse-int","@angular/common/http","./shared/shared.module","./requalification-toolbar.component","../../authentication/authentication.service","./ui/toaster/toaster.service","./icon.component","@angular/http/src/http_utils","./expansion/expansion.component","./context/context.module","core-js/es6/regexp","../../../tests/samples/reprensentant-legal.sample.spec","core-js/es/array","core-js/es/math","core-js/es/weak-map","./interrogations/interrogations.component","core-js/es6/reflect","../requalification/requalification.service","../../../authentication/authentication.service","../../../model/interrogations","../requalification.service"]},"Java":{"language":"Java","additions":14288,"deletions":3651,"libraries":["org.springframework.beans","org.springframework.http","org.mockito.ArgumentMatchers","org.thymeleaf","com.google.protobuf","org.springframework.test","org.powermock","org.springframework.scheduling","cucumber.api","org.hibernate.validator","org.mockito.MockitoAnnotations","cucumber.api.Transform","org.powermock.core","org.springframework","com.codahale.metrics","io.cucumber.java8","cucumber.api.DataTable","com.google","org.junit.AfterClass","org.mockito","org.glassfish.jersey","io.cucumber.cucumberexpressions","com.socgen.com","io.swagger.jaxrs","org.springframework.web","org.springframework.core","org.junit.rules","lombok.extern.slf4j","org.springframework.data","io.restassured.RestAssured","io.cucumber.core","org.mockito.Mock","org.powermock.api","io.cucumber.spring","lombok.AccessLevel","org.thymeleaf.context","org.springframework.aop","org.junit.Before","org.mockito.InjectMocks","io.vavr.control","com.github.fge","lombok.val","org.junit.Test","io.micrometer","com.google.common","org.springframework.boot","cucumber.api.junit","cucumber.api.java","org.slf4j.MDC","io.github","org.mockito.junit","org.junit","org.hamcrest","org.junit.Assert","lombok.NoArgsConstructor","org.apache.commons","org.hamcrest.CoreMatchers","org.slf4j","lombok.extern","io.swagger","lombok.SneakyThrows","org.junit.","org.slf4j.LoggerFactory","lombok.RequiredArgsConstructor","org.hibernate","io.micrometer.core","com.ryantenney.metrics","com.fasterxml.jackson","lombok.ToString","io.swagger.annotations","org.springframework.util","com.socgen.itim","io.swagger.models","org.mockito.runners","io.github.resilience4j","io.restassured","com.socgen","org.apache.catalina","org.hamcrest.MatcherAssert","lombok.Builder","io.cucumber.junit","com.socgen.fit","org.springframework.stereotype","org.aspectj","org.springframework.context","org.apache","com.fasterxml","org.xhtmlrenderer.pdf","org.thymeleaf.templateresolver","lombok.Setter","lombok.","lombok.Getter","org.junit.BeforeClass","org.xhtmlrenderer","org.mockito.Matchers","lombok.Value","cucumber.api.CucumberOptions","io.cucumber.datatable","io.swagger.parser","cucumber.api.Transformer","com.github","org.slf4j.Logger","org.powermock.modules","com.socgen.dga","org.hamcrest.Matchers","com.codahale","org.glassfish","org.mockito.Mockito","org.springframework.cache","org.junit.Rule","org.thymeleaf.TemplateEngine","org.junit.Ignore","com.ryantenney","io.vavr","lombok.Data","org.aspectj.lang","org.junit.runner","io.cucumber","lombok.AllArgsConstructor","io.cucumber.java"]},"JavaScript":{"language":"JavaScript","additions":81,"deletions":19,"libraries":["jasmine-spec-reporter"]}}},"A486221@arpege.socgen":{"userName":"JACQUES OLIVIER COULIBALY","userEmail":"A486221@arpege.socgen","firstCommitDate":{"date":{"year":2020,"month":9,"day":14},"time":{"hour":17,"minute":37,"second":44,"nano":0}},"lastCommitDate":{"date":{"year":2021,"month":6,"day":28},"time":{"hour":0,"minute":25,"second":7,"nano":0}},"commitCount":42,"languages":{"TypeScript":{"language":"TypeScript","additions":134,"deletions":106,"libraries":["@angular/router/testing","./interrogations","./completude.component","../../model/info-tiers","../../model/document/document-tiers","../../../model/lov","../../../shared/status-icon/status-icon.component","./synthese-row.component","ngx-bootstrap/collapse","../../model/document/id-document-fourni","./app.service","./app.component","../model/document/document-tiers","../../model/lov","../info-tiers/info-tiers.component","../../../tests/samples/interrogations.samples.spec","./pieces-justificatives.service","./synthese.service","ts-mocks","../../../shared/service/lov.service","../../../model/requalification","./requalification-response","../../audit/audit.service","../pieces-justificatives/pieces-justificatives.service","rxjs","./expansion.component","./pieces-justificatives.component","@angular/forms","./ui/toaster/toaster.component","ngx-bootstrap/modal","../audit/audit.service","./document/documents-tiers-response","../shared/service/lov.service","./roles/role.directive","@angular/core/testing","../../../tests/samples/info-generales.samples.spec","@angular/core","rxjs/operators","./message-info/message-info.component","../../model/interrogations","rxjs/internal/Subject","../../../technical/unsubscriber-handler","../../model/audit/audit-document-fourni","./synthese/synthese.component","rxjs/internal/Subscription","../shared/spinner/spinner.component","./message/message.component","ngx-bootstrap/tooltip","./shared-event.service","../../model/document/document-fourni","file-saver","./toaster.component","ng-mocks","../../model/document/status-document","./modal-requalif.component","../../model/erreur-api","../../../shared/icon/icon.component","rxjs/internal/Observable","ngx-bootstrap/popover","../../../app.constant","../model/infos-generales","../app.constant","../../ui/toaster/toaster.service","ngx-logger","./technical/version.service","../../model/infos-generales","../../model/document/document-attendu","./pieces-justificatives/pieces-justificatives.component","../liste-icon/liste-icon.component","../../model/toast","rxjs/internal/observable/of","../../../model/erreur-api","../../shared/spinner/spinner.component","@angular/platform-browser/animations","./prospect/prospect.service","./liste-icon/liste-icon.component","../requalification-toolbar/requalification-toolbar.component","../../model/document","../../../ui/toaster/toaster.service","./message.component","../../shared/icon/icon.component","./context.component","./synthese/synthese.service","../shared/icon/icon.component","./authentication/authentication.service","../expansion/expansion.component","../roles/role.directive","../../app/model/infos-generales","../model/document","../../app.constant","./shared/icon/icon.component","./info-generales.service","./app.constant","../../../model/audit/audit-requalification","./interrogations.service","@angular/common/http/testing","ngx-webstorage","../../shared/status-icon/status-icon.component","../../model/creation-espace","@angular/router","../../../shared/spinner/spinner.component","./message-info.component","@angular/common/http","../model/completude","../shared-event.service","./toaster.service","../../authentication/authentication.service","../prospect/prospect.service","ngx-logger/testing","./ui/toaster/toaster.service","./icon.component","./info-generales/info-generales.component","./completude.service","./info-generales.component","../message/message.component","../model/info-tiers","./interrogations/interrogations.component","../model/document/documents-tiers-response","../lazy-services/lazy-services.module","./interrogations.component","../requalification/requalification.service","../../../authentication/authentication.service","../../../model/interrogations","./infos-generales","../requalification.service"]},"Java":{"language":"Java","additions":794,"deletions":411,"libraries":["org.apache.commons","org.springframework.beans","org.slf4j","org.mockito.ArgumentMatchers","io.swagger","lombok.extern","org.mockito.Mock","org.jetbrains.annotations","lombok.RequiredArgsConstructor","org.slf4j.LoggerFactory","io.cucumber.spring","org.springframework.test","io.vavr.API","org.mockito.MockitoAnnotations","org.springframework","com.fasterxml.jackson","io.cucumber.datatable","io.cucumber.java8","io.swagger.annotations","org.springframework.util","org.jetbrains","org.junit.Before","org.slf4j.Logger","org.mockito","com.socgen.itim","lombok.val","com.socgen.dga","org.hamcrest.Matchers","org.junit.Test","com.socgen","org.mockito.Mockito","lombok.Builder","com.socgen.fit","org.springframework.stereotype","lombok.extern.slf4j","io.vavr","lombok.Data","org.junit","org.hamcrest","org.junit.Assert","lombok.AllArgsConstructor","io.cucumber","org.apache","lombok.NoArgsConstructor","com.fasterxml"]}}}}}