{"firstCommitDate":{"date":{"year":2021,"month":2,"day":22},"time":{"hour":15,"minute":12,"second":13,"nano":0}},"lastCommitDate":{"date":{"year":2022,"month":12,"day":19},"time":{"hour":17,"minute":0,"second":26,"nano":0}},"commitCount":940,"languages":{"TypeScript":{"language":"TypeScript","additions":16883,"deletions":5348},"Java":{"language":"Java","additions":121469,"deletions":24054},"JavaScript":{"language":"JavaScript","additions":349,"deletions":65}},"users":{"angelique.pham@socgen.com":{"userName":"A488796 Angelique PHAM","userEmail":"angelique.pham@socgen.com","firstCommitDate":{"date":{"year":2021,"month":2,"day":22},"time":{"hour":15,"minute":12,"second":13,"nano":0}},"lastCommitDate":{"date":{"year":2022,"month":7,"day":20},"time":{"hour":15,"minute":36,"second":50,"nano":0}},"commitCount":8,"languages":{"Java":{"language":"Java","additions":104,"deletions":35,"libraries":["org.apache.commons","org.assertj","lombok.Setter","org.mockito.ArgumentMatchers","lombok.","lombok.extern","lombok.Getter","org.assertj.core","org.mockito.Mock","lombok.RequiredArgsConstructor","org.springframework","org.mockito.InjectMocks","org.mockito","com.socgen.itim","com.socgen","org.junit.jupiter","org.mockito.BDDMockito","org.mockito.Mockito","org.mockito.MockedStatic","lombok.Builder","lombok.extern.slf4j","org.springframework.stereotype","org.mockito.junit","org.springframework.data","org.junit","lombok.AllArgsConstructor","org.apache"]}}},"alexis.rodriguez-gutierrez-ext@socgen.com":{"userName":"ALEXIS RODRIGUEZ GUTIERREZ","userEmail":"alexis.rodriguez-gutierrez-ext@socgen.com","firstCommitDate":{"date":{"year":2021,"month":9,"day":17},"time":{"hour":10,"minute":2,"second":0,"nano":0}},"lastCommitDate":{"date":{"year":2022,"month":11,"day":21},"time":{"hour":15,"minute":31,"second":30,"nano":0}},"commitCount":79,"languages":{"TypeScript":{"language":"TypeScript","additions":2909,"deletions":1053,"libraries":["../../../shared/storage/storage.service","../../dossier.module","./components/design/body/body.component","../../../../models/header/header.model","./page/admin/admin.component","../../models/trigramme.enum","./model/icon-statut-statut.model","../components/validation-dossier/validation-dossier.component","../../shared.module","../../services/document.service","./document-indexe.model","./onglets/monitoring-dossiers/monitoring-dossiers.component","../../../../shared/storage/DossierUtils","../../../admin.config","./valeur-type.enum","./sous-controle.model","./RoleSgSignIn","./onglets/admin-dossier-details/admin-controles/admin-controles.component","ng-zorro-antd/tooltip","../../service/admin-session.service","../../../tests/samples.dossiers.spec","../../../../models/TypeControle","rxjs","../../../../models/statut.enum","./etat.component","./services/debranchement.service","@angular/common/locales/en","./components/emprunteurs-header/emprunteurs-header.component","../../../../shared/track-by-id","../../shared/security/sg-signin.service","./traitement-controle.component","../../admin.config","../../../models/dossier/edition/valeur-type.enum","../../../shared/storage/DossierUtils","@angular/core/testing","ng-zorro-antd/button","../../../../models/dossier/sous-controle.model","../../../../models/dossier/etat-controle.enum","../../../dossier/services/debranchement.service","@angular/core","../../../models/dossier/edition/vlidateurs-enum","../../service/admin-monitoring.service","../../shared/storage/storage.service","../../custom-validators","./tooltip.component","../../admin/service/admin-dossier.service","../../../models/app.model","../../models/etat-controle.enum","../../dossier/services/dossier.service","./onglets/admin-dossier-details/admin-etapes/admin-etapes.component","../../../../models/etat-controle.enum","../../../models/etat-controle.enum","../../../../shared/constants","angular-svg-icon","ng-zorro-antd/checkbox","./synthese-commentaires-controles.component","./service/admin-dossier.service","../../services/dossier.service","./shared/shared-test/shared-test.module","../../../../shared/TrackById","./synthese-commentaires.component","ng-zorro-antd/select","../../../../models/trigramme.enum","./valeur-validation","../../../../models/ControleAction","./onglets/admin-dossier-details/admin-executions/admin-executions.component","../../../../shared/custom-validators","ngx-logger","./components/debranchement-sg-docs/debranchement-sg-docs.component","../../../shared/shared.module","../statut.enum","../constants","../../../../shared/storage/dossier-utils","../../shared/security/RoleSgSignIn","ng-zorro-antd/collapse","../../../services/document.service","./components/design/header/header.component","../../../models/trigramme.enum","./components/controles/traitement-controle/traitement-controle.component","lodash-es","./components/etat/etat.component","../../../../shared/shared-test/mocks","../../../../models/dossier/statut.enum","../../shared/security/security.module","../onglets/monitoring-dossiers/monitoring-dossiers.component","../tests/samples.dossiers.spec","date-fns/locale","ng-zorro-antd/typography","../../models/dossier/etape.model","@angular/cdk/text-field","../../../services/debranchement.service","../../../../shared/services/app-contexte.service","./service/admin-documents.service","date-fns","../../models/dossier/controle.model","../../service/admin-dossier.service","ng-zorro-antd/tabs","../../admin.module","ngx-mask","../../../../models/dossier/controle.model","@angular/common/http/testing","./vlidateurs-enum","../../../../models/validation-synthese/donnee-validation.model","../../models/TypeControle","../ActionControle","ng-zorro-antd/input","./shared/spinner/spinner.component","../../../shared/constants","./request-interceptor.service","ngx-logger/testing","../../../dossier.module","ng-zorro-antd/steps","./service/admin-monitoring.service","../../models/validation-synthese/donnee-validation.model","../../dossier/tests/samples.dossiers.spec","./champs-editable.component","../../../../shared/shared.module","./processus.model","../TypeControle","../spinner/spinner.service","./simple-error-modal/simple-error-modal.component","./onglets/admin-dossiers/admin-dossiers.component","../admin.config","lodash","../shared/shared.module","./validation-dossier.module","../../shared/shared-test/shared-test.module","../../shared/spinner/spinner.service","../../../../models/app.model","./services/dossier.service","../../../../models/dossier/edition/valeur-resultat.model","ng-zorro-antd/spin","../../../../shared/shared-test/shared-test.module","../dossier.module","ng-zorro-antd/i18n","@angular/common","./app.component","./controles.component","ng-zorro-antd/alert","./traitement-controle.service","./components/bloc-controles/bloc-controles.component","../../../service/admin-dossier.service","ts-mocks","./page/dossier.component","ng-zorro-antd/descriptions","../validation-synthese.service","web-animations-js","./sg-signin.service","../../../../models/dossier/edition/valeur-resultat.enum","../../shared-test/shared-test.module","../../dossier/services/debranchement.service","@angular/forms","./synthese-commentaires.service","../../../../shared/components/modal/modal.service","@angular/platform-browser","./synthese-commentaires-controles/synthese-commentaires-controles.component","../../../../shared/storage/storage.service","../../dossier/services/document.service","ng-zorro-antd/message","../../models/dossier/edition/valeur-type.enum","../etat-controle.enum","./components/icone/icone.component","../models/dossier/edition/valeur-validation","../shared/components/tooltip/tooltip.component","ng-zorro-antd/pagination","../../../models/dossier/edition/valeur-validation","../../../models/dossier/controle.model","rxjs/operators","../services/debranchement.service","../../shared-test/mocks","./modal-chargement/modal-chargement.component","../synthese-commentaires.service","./zone-flags","../models/dossier/edition/vlidateurs-enum","ng-zorro-antd/badge","./onglets/admin-dossier-details/admin-documents-drawer/admin-documents-drawer.component","./dossier.component","./components/drawer/admin-drawer.component","../services/dossier.service","../../../models/dossier/etat-controle.enum","./onglets/admin-dossiers/admin-tableau-dossiers/admin-tableau-dossiers.component","../../../shared/TrackById","file-saver","../../../../dossier/services/document.service","./onglets/admin-dossier-details/admin-dossier-details.component","./monitoring-dossiers.component","../../service/admin-documents.service","../../../service/admin-session.service","./traitement-controle/traitement-controle.component","../../admin/model/app-admin.model","./components/validation-dossier/validation-dossier.module","ng-zorro-antd/switch","./etat-controle.enum","../../../../models/ActionControle","../../../../models/dossier/edition/valeur-type.enum","ng-zorro-antd/upload","./service/admin-session.service","./icone.component","../../models/app.model","./dossier/controle.model","../../../shared/components/icone/icone.component","./controle.model","zone.js","../../../services/dossier.service","../../models/dossier/dossier.model","../../../../app.constants","classlist.js","@angular/platform-browser/animations","../../../models/TypeControle","ng-zorro-antd/drawer","../shared/components/icone/icone.component","./execution.model","../../../../models/dossier/etape.model","ng-zorro-antd/radio","./components/tooltip/tooltip.component","../shared/components/icon/icon.component","../../../shared/shared-test/shared-test.module","../../shared/shared-test/mocks","ng-zorro-antd/form","../models/statut.enum","./validation-dossier.component","ng-zorro-antd/table","ng-zorro-antd/modal","@angular/cdk/layout","./body.component","../../shared/constants","./constants","./debranchement-sg-docs.component","./app-routing.module","./dossier/dossier.model","../dossier/components/etat/etat.component","../../../model/app-admin.model","ngx-webstorage","./header/header.model","../ControleAction","./synthese-commentaires-controles/synthese-commentaires.component","@angular/router","./components/admin-button/admin-button.component","./components/design/bandeau/bandeau.component","../../models/dossier/sous-controle.model","../../../../models/dossier/document-indexe.model","@angular/common/http","./shared/shared.module","../../model/app-admin.model","../environments/environment","./onglets/admin-dossiers/admin-recherche-dossier/admin-recherche-dossier.component","../model/app-admin.model","../logging/app-logger.service","./dossier/dossier.module","./shared/security/security.module","../../../../models/dossier/execution.model","./components/controles/controles.component","core-js/es/array","./admin/admin.module","ng-zorro-antd/icon"]},"Java":{"language":"Java","additions":12477,"deletions":3861,"libraries":["org.assertj","org.springframework.beans","org.mockito.ArgumentMatchers","org.springframework.http","lombok.Singular","org.springframework.test","org.springframework.scheduling","io.swagger.v3","org.springframework","org.json","org.bson","io.cucumber.java8","com.google","org.mockito","lombok.NonNull","org.glassfish.jersey","org.springframework.core","com.socgen.digital","org.mockito.MockedStatic","lombok.extern.slf4j","org.springframework.data","io.restassured.RestAssured","lombok.AccessLevel.PRIVATE","org.mockito.Mock","org.jetbrains.annotations","lombok.AccessLevel","com.mongodb.assertions","org.mockito.InjectMocks","org.xmlbeam.annotation","org.xmlbeam.XBProjector","lombok.experimental.SuperBuilder","lombok.val","com.google.common","com.owlike.genson","org.springframework.boot","org.mockito.BDDMockito","org.slf4j.MDC","org.hamcrest.collection","org.mockito.junit","org.hamcrest","org.junit","org.junit.Assert","lombok.NoArgsConstructor","org.apache.commons","org.hamcrest.CoreMatchers","org.slf4j","io.swagger","lombok.extern","lombok.SneakyThrows","lombok.RequiredArgsConstructor","org.slf4j.LoggerFactory","io.restassured.http","org.json.JSONObject","org.xmlbeam.config","com.fasterxml.jackson","com.mongodb","org.mockito.Spy","lombok.ToString","org.springframework.util","com.socgen.itim","wiremock.org.apache","lombok.EqualsAndHashCode","io.restassured","com.socgen","org.hamcrest.MatcherAssert","lombok.Builder","wiremock.org","org.springframework.stereotype","org.springframework.context","org.apache","com.fasterxml","lombok.Setter","lombok.","lombok.Getter","org.assertj.core","org.mockito.Captor","io.restassured.specification","lombok.Value","com.github.tomakehurst","org.mockito.ArgumentCaptor","org.xmlbeam","org.apache.tika","io.cucumber.datatable","org.apache.logging","org.jetbrains","org.bson.types","com.github","org.slf4j.Logger","org.mockito.InOrder","com.socgen.dga","org.hamcrest.Matchers","org.glassfish","org.springframework.dao","org.junit.jupiter","org.mockito.Mockito","lombok.experimental","org.hamcrest.core","com.owlike","io.cucumber","lombok.AllArgsConstructor","org.springframework.retry","io.cucumber.java"]},"JavaScript":{"language":"JavaScript","additions":7,"deletions":7,"libraries":[]}}},"lydia.khoudi@socgen.com":{"userName":"Lydia KHOUDI","userEmail":"lydia.khoudi@socgen.com","firstCommitDate":{"date":{"year":2022,"month":10,"day":4},"time":{"hour":16,"minute":10,"second":22,"nano":0}},"lastCommitDate":{"date":{"year":2022,"month":12,"day":19},"time":{"hour":17,"minute":0,"second":26,"nano":0}},"commitCount":35,"languages":{"TypeScript":{"language":"TypeScript","additions":20,"deletions":5,"libraries":["../models/dossier/edition/validateurs-enum","ng-zorro-antd/select","ng-zorro-antd/upload","../../service/admin-dossiers.service","../../admin.constants","date-fns","../../utils/error-util","../../../shared/services/app-contexte.service","./constants","./model/icon-statut-statut.model","../../../shared/logging/logger.utils","ngx-webstorage","@angular/router","../models/dossier/edition/valeur-validation","./typologie-document","../../../models/dossier/dossier.model","ng-zorro-antd/notification","@angular/core","rxjs/operators","../../../models/dossier/statut-dossier.enum","../../../app.global-variables","date-fns/locale","./admin-dossier-details.service","../layout/layout.service","./admin-documents.service","../models/statut.enum","rxjs","@angular/forms","../../../models/dossier/etape.model"]},"Java":{"language":"Java","additions":2851,"deletions":506,"libraries":["org.apache.commons","org.assertj","org.springframework.beans","org.hamcrest.CoreMatchers","org.mockito.ArgumentMatchers","org.slf4j","lombok.extern","io.swagger","lombok.Singular","lombok.RequiredArgsConstructor","org.slf4j.LoggerFactory","org.springframework.test","io.swagger.v3","org.springframework","com.fasterxml.jackson","org.bson","io.cucumber.java8","com.google","org.mockito","com.socgen.itim","org.glassfish.jersey","lombok.NonNull","lombok.EqualsAndHashCode","com.socgen","org.mockito.","com.socgen.digital","org.hamcrest.MatcherAssert","lombok.Builder","org.springframework.stereotype","lombok.extern.slf4j","org.springframework.data","org.springframework.context","com.fasterxml","org.apache","lombok.AccessLevel.PRIVATE","lombok.Setter","lombok.","lombok.Getter","org.assertj.core","org.mockito.Mock","org.mockito.Captor","lombok.Value","lombok.experimental.UtilityClass","org.mockito.ArgumentCaptor","lombok.AccessLevel","org.bson.types","org.mockito.InjectMocks","org.slf4j.Logger","com.socgen.dga","lombok.experimental.SuperBuilder","org.hamcrest.Matchers","org.glassfish","com.google.common","com.owlike.genson","org.junit.jupiter","org.springframework.boot","org.mockito.BDDMockito","org.mockito.Mockito","lombok.experimental","org.hamcrest.core","com.owlike","org.hamcrest.collection","lombok.Data","org.mockito.junit","org.hamcrest","org.junit","lombok.AllArgsConstructor","io.cucumber","lombok.NoArgsConstructor"]},"JavaScript":{"language":"JavaScript","additions":12,"deletions":0,"libraries":[]}}},"matthieu.audemard@socgen.com":{"userName":"Matthieu AUDEMARD","userEmail":"matthieu.audemard@socgen.com","firstCommitDate":{"date":{"year":2022,"month":4,"day":28},"time":{"hour":9,"minute":54,"second":56,"nano":0}},"lastCommitDate":{"date":{"year":2022,"month":12,"day":19},"time":{"hour":11,"minute":19,"second":23,"nano":0}},"commitCount":17,"languages":{"TypeScript":{"language":"TypeScript","additions":146,"deletions":47,"libraries":["ng-zorro-antd/select","lodash","./components/montant/montant.component","../libelle-valeur.model","ng-zorro-antd/upload","../../../shared/services/app-contexte.service","../../../../models/app.model","../../../../models/header/header.model","./bouton-spinner.component","./model/icon-statut-statut.model","../action-controle.enum","ng-zorro-antd/spin","../../../../shared/shared-test/shared-test.module","../../models/app.model","./components/debranchement-sg-docs/debranchement-sg-docs.component","./dossier/controle.model","../../../../shared/storage/dossier-utils","./typologie-document","../../../services/document.service","../../../models/dossier/dossier.model","../../../services/dossier.service","../../models/dossier/dossier.model","@angular/common","../../../../shared/storage/DossierUtils","ng-zorro-antd/notification","lodash-es","../../../../app.constants","../../../models/dossier/statut-dossier.enum","./sous-controle.model","../../../app.global-variables","ng-zorro-antd/alert","ng-zorro-antd/drawer","./traitement-controle.service","ts-mocks","./components/tooltip/tooltip.component","./admin-dossier-details.service","../../../../models/libelle-valeur.model","./admin-documents.service","ng-zorro-antd/tooltip","../models/statut.enum","../../../../models/dossier/edition/valeur-resultat.enum","./components/message-alerte/message-alerte.component","rxjs","../../controles/filtres-controles/filtres-controles.enum","ng-zorro-antd/table","../../../../shared/security/security.module","@angular/forms","./header.component","../type-controle.enum","../../service/admin-dossiers.service","../../admin.constants","../../../../shared/track-by-id","../../utils/error-util","../../models/dossier/controle.model","../../controles/filtres-controles/filtres.service","./reference.model","../../../../shared/components/modal/modal.service","../../../../shared/storage/storage.service","./dossier/dossier.model","../../../../models/header/reference.model","./components/champs-editable/champs-editable.component","../../../shared/logging/logger.utils","../dossier/components/etat/etat.component","./samples.synthese.spec","ng-zorro-antd/core/no-animation","ngx-mask","ng-zorro-antd/message","../../../../models/dossier/controle.model","ngx-webstorage","./header/header.model","../etat-controle.enum","./components/icone/icone.component","@angular/router","../../models/dossier/statut-dossier.enum","./components/modal/simple-error-modal/simple-error-modal.component","@angular/core/testing","../../models/dossier/sous-controle.model","ng-zorro-antd/button","../../../../models/dossier/document-indexe.model","../../../../models/dossier/sous-controle.model","ng-zorro-antd/input","@angular/core","./components/bouton-spinner/bouton-spinner.component","rxjs/operators","./validation-synthese/validation-synthese.model","../../models/type-controle.enum","../layout/layout.service","../../../dossier.module","../../models/etat-controle.enum","file-saver","../../../../models/etat-controle.enum","../../../../shared/constants","angular-svg-icon","../../../models/dossier/etape.model","./components/modal/modal-chargement/modal-chargement.component","ng-zorro-antd/icon"]},"Java":{"language":"Java","additions":1140,"deletions":143,"libraries":["org.apache.commons","org.assertj","org.hamcrest.CoreMatchers","org.springframework.beans","org.mockito.ArgumentMatchers","org.slf4j","lombok.extern","lombok.SneakyThrows","lombok.RequiredArgsConstructor","org.springframework.test","io.restassured.http","wiremock.com","org.json.JSONObject","org.springframework","org.json","com.fasterxml.jackson","io.cucumber.java8","org.springframework.cloud","com.google","org.mockito","com.socgen.itim","lombok.NonNull","io.restassured","com.socgen","org.hamcrest.MatcherAssert","lombok.Builder","org.springframework.stereotype","lombok.extern.slf4j","org.springframework.data","wiremock.com.google","io.restassured.RestAssured","org.apache","com.fasterxml","lombok.","lombok.Getter","org.assertj.core","org.mockito.Mock","io.cucumber.spring","io.restassured.specification","lombok.experimental.UtilityClass","com.github.tomakehurst","io.restassured.response","io.cucumber.datatable","org.mockito.InjectMocks","com.github","org.slf4j.Logger","com.socgen.dga","org.hamcrest.Matchers","com.google.common","org.junit.jupiter","org.springframework.boot","org.mockito.Mockito","org.mockito.BDDMockito","lombok.experimental","org.slf4j.MDC","org.hamcrest.collection","org.mockito.junit","org.junit","org.hamcrest","lombok.AllArgsConstructor","io.cucumber"]}}},"kaoutar.lgarh@socgen.com":{"userName":"KAOUTAR LGARH","userEmail":"kaoutar.lgarh@socgen.com","firstCommitDate":{"date":{"year":2021,"month":7,"day":12},"time":{"hour":15,"minute":26,"second":13,"nano":0}},"lastCommitDate":{"date":{"year":2022,"month":4,"day":1},"time":{"hour":15,"minute":5,"second":52,"nano":0}},"commitCount":22,"languages":{"Java":{"language":"Java","additions":2801,"deletions":419,"libraries":["org.apache.commons","org.assertj","org.hamcrest.CoreMatchers","org.springframework.beans","org.mockito.ArgumentMatchers","org.springframework.http","lombok.extern","io.swagger","lombok.SneakyThrows","lombok.RequiredArgsConstructor","org.springframework.test","io.restassured.http","io.swagger.v3","wiremock.com","org.json.JSONObject","org.springframework","org.json","com.fasterxml.jackson","org.bson","io.cucumber.java8","org.springframework.util","org.springframework.cloud","org.mockito","com.socgen.itim","lombok.NonNull","lombok.EqualsAndHashCode","io.restassured","com.socgen","org.mockito.MockedStatic","org.hamcrest.MatcherAssert","lombok.Builder","lombok.extern.slf4j","org.springframework.stereotype","org.springframework.data","io.restassured.RestAssured","wiremock.com.google","org.apache","com.fasterxml","lombok.Setter","lombok.","lombok.Getter","org.assertj.core","org.mockito.Mock","io.cucumber.spring","org.mockito.Captor","io.restassured.specification","com.github.tomakehurst","io.restassured.response","org.mockito.ArgumentCaptor","io.cucumber.datatable","org.bson.types","org.junit.Before","org.mockito.InjectMocks","com.github","com.socgen.dga","org.hamcrest.Matchers","org.junit.Test","org.junit.jupiter","org.springframework.boot","org.mockito.BDDMockito","org.mockito.Mockito","org.hamcrest.core","org.hamcrest.collection","org.junit.runner","org.mockito.junit","org.junit","org.hamcrest","io.cucumber","lombok.AllArgsConstructor","org.junit.Assert","lombok.NoArgsConstructor","io.cucumber.java"]}}},"laurent.a.garcia@socgen.com":{"userName":"Laurent GARCIA","userEmail":"laurent.a.garcia@socgen.com","firstCommitDate":{"date":{"year":2021,"month":4,"day":26},"time":{"hour":15,"minute":0,"second":26,"nano":0}},"lastCommitDate":{"date":{"year":2022,"month":12,"day":19},"time":{"hour":10,"minute":54,"second":44,"nano":0}},"commitCount":134,"languages":{"TypeScript":{"language":"TypeScript","additions":1074,"deletions":181,"libraries":["../../dossier.module","../../../../models/header/header.model","./components/design/body/body.component","./app/app.module","../shared/pipes/pipes.module","../../services/document.service","../../shared.module","./document-indexe.model","../../../../shared/storage/DossierUtils","ng-zorro-antd/notification","./RoleSgSignIn","../../../../models/code-erreur-execution.enum","zone.js/testing","ng-zorro-antd/tooltip","../../service/admin-session.service","./directives/not-dev-feature.directive","../../../tests/samples.dossiers.spec","./pagination-params.model","rxjs","../../../../models/statut.enum","./etat.component","./services/debranchement.service","@angular/common/locales/en","../../../../shared/track-by-id","zone.js/dist/zone-error","./page/admin-dossiers/admin-recherche-dossier/admin-recherche-dossier.component","ng-zorro-antd/tag","../../../../models/dossier/statut-dossier.enum","./traitement-controle.component","../../admin.config","./storage.service","ng-zorro-antd/button","@angular/core/testing","../../../../models/dossier/sous-controle.model","zone.js/plugins/zone-error","@angular/core","../../../shared/shared-test/mocks","./dossier.service","./dossier/dossier.component","../../shared/storage/storage.service","../../admin/service/admin-dossier.service","../../models/etat-controle.enum","../../dossier/services/dossier.service","../../../../models/etat-controle.enum","../../../models/etat-controle.enum","./page/admin-dossiers/admin-tableau-dossiers/admin-tableau-dossiers.component","../../../../shared/constants","angular-svg-icon","./shared/security/sg-signin.service","ng-zorro-antd/checkbox","zone.js/dist/zone-testing","./shared/shared-test/shared-test.module","./debranchement.service","ng-zorro-antd/select","./bouton-spinner.component","ngx-logger","../services/app-contexte.service","../../../shared/shared.module","../constants","./spinner.service","ng-zorro-antd/collapse","../../../services/document.service","./components/design/header/header.component","./components/controles/traitement-controle/traitement-controle.component","../tests/samples.dossiers.spec","ng-zorro-antd/typography","../../models/dossier/etape.model","../models/app.model","../../../../shared/security/security.module","./shared/spinner/spinner.service","../../models/dossier/controle.model","../../service/admin-dossier.service","ng-zorro-antd/tabs","../../admin.module","../../../../models/header/reference.model","../../../../models/dossier/controle.model","@angular/common/http/testing","../../models/dossier/statut-dossier.enum","./shared/logging/app-logger.service","ng-zorro-antd/input","./environments/environment","./shared/spinner/spinner.component","./request-interceptor.service","ngx-logger/testing","../../../dossier.module","../shared/security/sg-signin.service","ng-zorro-antd/steps","../../dossier/tests/samples.dossiers.spec","../../../model/icon-statut-statut.model","./page/layout/layout.component","ng-zorro-antd/auto-complete","../admin.config","../shared/shared.module","../../shared/shared-test/shared-test.module","@angular/router/testing","./zone-flags.ts","../../app.global-variables","../../../../models/app.model","./services/dossier.service","ng-zorro-antd/spin","./loader.layout","../../../../shared/shared-test/shared-test.module","../shared/security/security.module","./dossier.model","../../../admin.constants","ng-zorro-antd/i18n","./page/admin-dossiers/admin-dossiers.component","../../../models/type-controle.enum","@angular/common","./app.component","./controles.component","ng-zorro-antd/alert","../shared-test/mocks","./page/monitoring/monitoring-dossiers.component","./traitement-controle.service","./components/bloc-controles/bloc-controles.component","./monitoring-dossiers.service","./admin-routing.module","ts-mocks","../../admin/admin.config","./page/dossier.component","./allowed-role.directive","ng-zorro-antd/descriptions","../shared-test/shared-test.module","web-animations-js","./sg-signin.service","./edition/valeur-resultat.model","../../../../models/dossier/edition/valeur-resultat.enum","../../shared-test/shared-test.module","@angular/platform-browser-dynamic","../../dossier/services/debranchement.service","@angular/forms","./reference.model","@angular/platform-browser","../../../../shared/storage/storage.service","./page/admin-dossier-details/admin-dossier-details.component","../../dossier/services/document.service","ng-zorro-antd/message","ng-zorro-antd/pagination","./page/admin-dossier-details/admin-etapes/admin-etapes.component","../../../models/dossier/controle.model","rxjs/operators","../storage/storage.service","./zone-flags","rxjs/internal/Subject","ng-zorro-antd/badge","./dossier.component","ng-zorro-antd/empty","./components/drawer/admin-drawer.component","./page/admin-dossier-details/admin-controles/admin-controles.component","./circle-spinner.component","file-saver","./page/admin-dossier-details/admin-executions/admin-executions.component","./monitoring-dossiers.component","./dossier.module","../../admin/model/app-admin.model","ng-zorro-antd/switch","./page/admin-dossier-details/pipes/json-to-colorized-html.pipe","ng-zorro-antd/upload","./icone.component","../../models/app.model","ng-zorro-antd/list","../../../shared/components/icone/icone.component","zone.js","../../../services/dossier.service","../../models/dossier/dossier.model","./admin-dossiers.component","classlist.js","ng-zorro-antd/date-picker","@angular/platform-browser/animations","zone.js/dist/zone","ng-zorro-antd/drawer","../../../dossier/tests/samples.admin.spec","ng-zorro-antd/radio","../shared/spinner/spinner.service","../../../shared/shared-test/shared-test.module","./directives/dev-feature.directive","ng-zorro-antd/form","ng-zorro-antd/table","./header.component","./app-routing.module","./page/admin-dossier-details/admin-documents-drawer/admin-documents-drawer.component","ngx-webstorage","../shared/security/RoleSgSignIn","@angular/router","./components/admin-button/admin-button.component","./components/design/bandeau/bandeau.component","../../models/dossier/sous-controle.model","../../../../models/dossier/document-indexe.model","@angular/common/http","../environments/environment","../model/app-admin.model","../logging/app-logger.service","./dossier/dossier.module","./shared/security/security.module","../../models/type-controle.enum","../../../../models/dossier/execution.model","./components/controles/controles.component","core-js/es/array","./admin/admin.module","ng-zorro-antd/icon"]},"Java":{"language":"Java","additions":17059,"deletions":3963,"libraries":["org.assertj","org.springframework.beans","org.mockito.ArgumentMatchers","org.springframework.http","org.springframework.test","io.swagger.v3","wiremock.com","org.springframework","org.json","com.codahale.metrics","org.bson","io.cucumber.java8","com.google","org.mockito","lombok.NonNull","org.glassfish.jersey","org.springframework.web","org.springframework.core","org.mockito.MockedStatic","com.socgen.digital","lombok.extern.slf4j","org.springframework.data","io.restassured.RestAssured","wiremock.com.google","lombok.AccessLevel.PRIVATE","org.mockito.Mock","de.bwaldvogel.mongo","io.cucumber.spring","lombok.AccessLevel","io.restassured.response","org.junit.Before","org.mockito.InjectMocks","com.github.cloudyrock","com.mongodb.ServerAddress","lombok.experimental.SuperBuilder","org.junit.Test","io.micrometer","com.google.common","com.owlike.genson","org.springframework.boot","org.mockito.BDDMockito","org.slf4j.MDC","org.hamcrest.collection","org.mockito.junit","org.junit","org.hamcrest","org.junit.Assert","lombok.NoArgsConstructor","org.apache.commons","org.hamcrest.CoreMatchers","org.slf4j","lombok.extern","io.swagger","lombok.SneakyThrows","lombok.RequiredArgsConstructor","org.slf4j.LoggerFactory","io.micrometer.core","io.restassured.http","org.json.JSONObject","com.fasterxml.jackson","com.mongodb","lombok.ToString","org.springframework.util","org.springframework.cloud","com.socgen.itim","wiremock.org.apache","lombok.EqualsAndHashCode","io.restassured","org.mockito.AdditionalAnswers","com.socgen","org.hamcrest.MatcherAssert","lombok.Builder","wiremock.org","io.cucumber.junit","org.springframework.stereotype","org.springframework.context","com.mongodb.client","org.apache","com.fasterxml","lombok.Setter","lombok.","lombok.Getter","org.assertj.core","de.bwaldvogel","org.mockito.Captor","io.restassured.specification","com.github.tomakehurst","org.mockito.ArgumentCaptor","org.apache.tika","io.cucumber.datatable","org.apache.logging","org.bson.types","com.github","org.mockito.InOrder","org.slf4j.Logger","com.socgen.dga","org.hamcrest.Matchers","com.codahale","org.glassfish","org.springframework.dao","org.junit.jupiter","org.mockito.Mockito","org.springframework.cache","lombok.experimental","org.hamcrest.core","com.owlike","org.junit.runner","io.cucumber","lombok.AllArgsConstructor","io.cucumber.java"]},"JavaScript":{"language":"JavaScript","additions":141,"deletions":0,"libraries":[]}}},"dsi_ars_sde_java@socgen.com":{"userName":"spice","userEmail":"dsi_ars_sde_java@socgen.com","firstCommitDate":{"date":{"year":2021,"month":6,"day":28},"time":{"hour":17,"minute":48,"second":52,"nano":0}},"lastCommitDate":{"date":{"year":2022,"month":12,"day":14},"time":{"hour":9,"minute":49,"second":37,"nano":0}},"commitCount":138,"languages":{}},"regis.limare-ext@socgen.com":{"userName":"X168930 Regis LIMARE","userEmail":"regis.limare-ext@socgen.com","firstCommitDate":{"date":{"year":2022,"month":3,"day":16},"time":{"hour":17,"minute":2,"second":32,"nano":0}},"lastCommitDate":{"date":{"year":2022,"month":12,"day":16},"time":{"hour":18,"minute":13,"second":23,"nano":0}},"commitCount":168,"languages":{"TypeScript":{"language":"TypeScript","additions":4052,"deletions":1549,"libraries":["../../../shared/storage/storage.service","./components/design/body/body.component","../../models/trigramme.enum","./app/app.module","ng-zorro-antd/core/config","../../shared/storage/dossier-utils","./typologie-document","../../../../shared/storage/DossierUtils","./RoleSgSignIn","./sous-controle.model","./service/admin-dossiers.service","ng-zorro-antd/tooltip","../../service/admin-session.service","./dossier/page/accessibilite/accessibilite.component","./pagination-params.model","../../../../models/TypeControle","./etat.component","./services/debranchement.service","../../shared/security/sg-signin.service","./shared/services/version.service","../../../models/statut.enum","./page/admin-dossiers/admin-recherche-dossier/admin-recherche-dossier.component","ng-zorro-antd/tag","./storage.service","../../../../models/dossier/sous-controle.model","../../../shared/shared-test/mocks","../../../service/admin-dossiers.service","../../shared/storage/storage.service","../../../shared/track-by-id","../../../models/app.model","../../models/etat-controle.enum","../../dossier/services/dossier.service","../../../../models/dossier/dossier.model","../../../../models/etat-controle.enum","./page/admin-dossiers/admin-tableau-dossiers/admin-tableau-dossiers.component","./synthese-commentaires-controles.component","./service/admin-dossier.service","../../../models/dossier/etape.model","./debranchement.service","../../../../shared/TrackById","./synthese-commentaires.component","ng-zorro-antd/select","./components/montant/montant.component","./valeur-validation","./bouton-spinner.component","./onglets/admin-dossier-details/admin-executions/admin-executions.component","../../../../shared/custom-validators","../services/app-contexte.service","./components/debranchement-sg-docs/debranchement-sg-docs.component","../statut.enum","../page/layout/layout.service","./app.global-variables","../constants","../../../../shared/storage/dossier-utils","./spinner.service","./filtres-controles.component","../../shared/security/RoleSgSignIn","ng-zorro-antd/collapse","../../../services/document.service","./components/controles/traitement-controle/traitement-controle.component","lodash-es","../../../../shared/shared-test/mocks","../../shared/security/security.module","../onglets/monitoring-dossiers/monitoring-dossiers.component","../tests/samples.dossiers.spec","ng-zorro-antd/typography","./edition/valeur-resultat","./admin-dossier-details.service","../../../services/debranchement.service","../../../../shared/services/app-contexte.service","../../controles/filtres-controles/filtres-controles.enum","../../../../shared/security/security.module","./shared/spinner/spinner.service","./pipes/format-etape.pipe","date-fns","../../models/dossier/controle.model","../../../../models/header/reference.model","../../admin.module","ngx-mask","../../../../models/dossier/controle.model","@angular/common/http/testing","../../../../models/type-controle.enum","./environments/environment","./validation-synthese/validation-synthese.model","./request-interceptor.service","../../models/dossier/edition/valeur-resultat.enum","./search-filter.model","../page/message-utilisateur/type-message.enum","./page/accessibilite/accessibilite.component","../../models/validation-synthese/donnee-validation.model","../../dossier/tests/samples.dossiers.spec","../../../../shared/shared.module","../TypeControle","../spinner/spinner.service","./simple-error-modal/simple-error-modal.component","./page/layout/layout.component","../admin.config","lodash","@angular/router/testing","../../shared/shared-test/shared-test.module","../../../shared/security/sg-signin.service","../../../../models/app.model","./services/dossier.service","../components/modal/modal.service","ng-zorro-antd/spin","./shared/logging/logger.utils","../../../admin.constants","./dossier/page/no-habilitation/no-habilitation.component","./app.component","../../../app.global-variables","./page/monitoring/monitoring-dossiers.component","ng-zorro-antd/input-number","./components/bloc-controles/bloc-controles.component","./traitement-controle.service","./admin.service","../../../service/admin-dossier.service","./admin-routing.module","../shared-test/shared-test.module","../validation-synthese.service","./admin/page/admin/admin.component","../../../../models/dossier/edition/valeur-resultat.enum","@angular/forms","./spinner/circle-spinner/circle-spinner.component","../../../../shared/storage/storage.service","../../../admin/admin.constants","./page/admin-dossier-details/admin-dossier-details.component","../etat-controle.enum","../../shared/components/modal/modal.service","../models/dossier/edition/valeur-validation","../shared/constants","./page/admin-dossier-details/admin-etapes/admin-etapes.component","../../../models/dossier/controle.model","rxjs/operators","../storage/storage.service","../synthese-commentaires.service","./zone-flags","ng-zorro-antd/badge","./onglets/admin-dossier-details/admin-documents-drawer/admin-documents-drawer.component","./dossier.component","../../../../shared/logging/logger.utils","../services/dossier.service","./onglets/admin-dossiers/admin-tableau-dossiers/admin-tableau-dossiers.component","../../../shared/TrackById","./circle-spinner.component","file-saver","ng-mocks","./page/admin-dossier-details/admin-executions/admin-executions.component","./onglets/admin-dossier-details/admin-dossier-details.component","../../service/admin-documents.service","../../../service/admin-session.service","../validation-dossier.module","../../shared/logging/logger.utils","../../../../models/ActionControle","ng-zorro-antd/upload","../page/monitoring/monitoring-dossiers.component","./icone.component","./dossier/controle.model","ng-zorro-antd/list","./message-utilisateur/type-message.enum","../../../services/dossier.service","../../../../app.constants","classlist.js","../../../models/dossier/statut-dossier.enum","../security/RoleSgSignIn","../../../../models/dossier/etape.model","./admin-documents.service","../../../shared/shared-test/shared-test.module","../components/design/body/body.component","ng-zorro-antd/form","../models/statut.enum","./components/message-alerte/message-alerte.component","ng-zorro-antd/modal","../../shared/constants","../../service/admin-dossiers.service","../../admin.constants","./constants","./dossier/dossier.model","./samples.synthese.spec","ngx-webstorage","./header/header.model","./components/modal/simple-error-modal/simple-error-modal.component","./components/design/bandeau/bandeau.component","../../models/dossier/sous-controle.model","@angular/common/http","../../model/app-admin.model","./shared/shared.module","../model/app-admin.model","./onglets/admin-dossiers/admin-recherche-dossier/admin-recherche-dossier.component","../../../service/admin-referentiels.service","../../models/type-controle.enum","./components/controles/controles.component","core-js/es/array","../components/design/footer/footer.component","../../../model/configuration-xcos","./components/modal/basic-error-modal/simple-error-modal/simple-error-modal.component","ng-zorro-antd/icon","../models/dossier/edition/validateurs-enum","../../dossier.module","../../../shared/services/app-contexte.service","../../../../models/header/header.model","./page/admin/admin.component","./model/icon-statut-statut.model","../shared/pipes/pipes.module","../components/validation-dossier/validation-dossier.component","../../../../dossier/dossier.module","../../services/document.service","../../shared.module","../../../shared/security/RoleSgSignIn","./document-indexe.model","./onglets/monitoring-dossiers/monitoring-dossiers.component","ng-zorro-antd/notification","../../../admin.config","./valeur-type.enum","../../../../models/code-erreur-execution.enum","./directives/role-super-admin-present.directive","ng-zorro-antd/grid","./onglets/admin-dossier-details/admin-controles/admin-controles.component","../../../../models/action-controle.enum","./directives/not-dev-feature.directive","../../../tests/samples.dossiers.spec","rxjs","../../../../models/statut.enum","../security/sg-signin.service","@angular/common/locales/en","./dossier/page/dossier.component","../../../../shared/track-by-id","../../utils/error-util","../../controles/filtres-controles/filtres.service","../../models/header/header.model","../../model/configuration-orchestrateur","../../../../models/dossier/statut-dossier.enum","./traitement-controle.component","../../admin.config","../../../models/dossier/edition/valeur-type.enum","./components/controles/traitement-controle/traitement-controle.service","./page/admin-dossier-details/admin-dossier-details.service","@angular/core/testing","ng-zorro-antd/button","../../models/action-controle.enum","../../../dossier/services/debranchement.service","@angular/core","./components/bouton-spinner/bouton-spinner.component","./dossier.service","../../service/admin-monitoring.service","../../models/dossier/document-indexe.model","../../admin/service/admin-dossier.service","@angular/common/locales/fr","../../../shared/components/modal/modal.service","./validateurs-enum","./onglets/admin-dossier-details/admin-etapes/admin-etapes.component","../../../models/etat-controle.enum","./shared/security/sg-signin.service","angular-svg-icon","../../../../shared/constants","ng-zorro-antd/checkbox","./shared/shared-test/shared-test.module","../../services/dossier.service","ngx-logger","../../model/env","../../../shared/shared.module","./components/design/header/header.component","../../../models/trigramme.enum","./dossier/page/message-utilisateur/message-utilisateur.component","../../../service/referentiel.model","date-fns/locale","../../models/dossier/etape.model","./page/layout/layout.service","./statut-dossier.enum","./configuration-xcos","./service/admin-documents.service","./validation-synthese.component","./shared/constants","../../service/admin-dossier.service","ng-zorro-antd/tabs","./onglets/admin-dossier-details/pipes/format-etape.pipe","ng-zorro-antd/core/no-animation","../components/validation-dossier/validation-synthese/validation-synthese.component","../../../../models/validation-synthese/donnee-validation.model","../../models/TypeControle","../ActionControle","../../models/dossier/statut-dossier.enum","./filtres.service","ng-zorro-antd/input","./shared/spinner/spinner.component","../../../shared/constants","./referentiel.model","../admin-config-orchestrateur.service","ngx-logger/testing","./type-message.enum","../../../dossier.module","ng-zorro-antd/steps","./service/admin-monitoring.service","./processus.model","../../../model/icon-statut-statut.model","./onglets/admin-dossiers/admin-dossiers.component","ng-zorro-antd/auto-complete","./components/modal/modal-chargement/modal-chargement.component","../shared/shared.module","../../shared/spinner/spinner.service","../../app.global-variables","../../../../models/dossier/edition/valeur-resultat.model","./service/admin-referentiels.service","../../../../shared/shared-test/shared-test.module","../dossier.module","ng-zorro-antd/i18n","./dossier/guards/habilitation.guard","../../../models/dossier/dossier.model","./page/admin-dossiers/admin-dossiers.component","@angular/common","../../../tests/samples.synthese.spec","ng-zorro-antd/alert","../logging/logger.utils","./monitoring-dossiers.service","ts-mocks","../search-filter.model","./page/dossier.component","ng-zorro-antd/descriptions","web-animations-js","../../shared-test/shared-test.module","@angular/platform-browser-dynamic","./app.constants","../../dossier/services/debranchement.service","./reference.model","../../shared/services/app-contexte.service","./safe-html.pipe","../../../../shared/components/modal/modal.service","@angular/platform-browser","../../../../shared/services/version.service","../../dossier/services/document.service","../../../shared/logging/logger.utils","../../service/admin-referentiels.service","ng-zorro-antd/message","../../models/dossier/edition/valeur-type.enum","../../models/validation-synthese/validation-synthese.model","../../../shared/services/version.service","./validation-synthese.service","./components/icone/icone.component","ng-zorro-antd/pagination","../services/debranchement.service","./modal-chargement/modal-chargement.component","ng-zorro-antd/empty","./components/drawer/admin-drawer.component","./components/design/footer/footer.component","./page/admin-dossier-details/admin-controles/admin-controles.component","../layout/layout.service","./page/no-habilitation/no-habilitation.component","../../../../dossier/services/document.service","../page/admin/admin.service","./monitoring-dossiers.component","./filtres-controles.enum","./traitement-controle/traitement-controle.component","../../admin/model/app-admin.model","./components/validation-dossier/validation-dossier.module","ng-zorro-antd/switch","../../../../models/dossier/edition/valeur-type.enum","./page/admin-dossier-details/pipes/json-to-colorized-html.pipe","./service/admin-session.service","../../../model/configuration-orchestrateur","../../models/app.model","../../admin/service/admin-dossiers.service","../../../shared/components/icone/icone.component","zone.js","../../models/dossier/dossier.model","ng-zorro-antd/date-picker","@angular/platform-browser/animations","ng-zorro-antd/drawer","./execution.model","../../tests/samples.dossiers.spec","ng-zorro-antd/radio","./components/tooltip/tooltip.component","../components/design/bandeau/bandeau.component","../../shared/shared-test/mocks","./directives/dev-feature.directive","./validation-commentaires.component","ngx-json-viewer","ng-zorro-antd/table","../../admin/service/referentiel.model","./header.component","@angular/cdk/layout","./body.component","./app-routing.module","./onglets/admin-dossier-details/pipes/json-to-colorized-html.pipe","./components/controles/filtres-controles/filtres-controles.component","./page/admin-dossier-details/admin-documents-drawer/admin-documents-drawer.component","./components/champs-editable/champs-editable.component","../dossier/components/etat/etat.component","../../../model/app-admin.model","./layout.service","@angular/router","./components/admin-button/admin-button.component","../../../models/validation-synthese/donnee-validation.model","../../../../models/dossier/document-indexe.model","../environments/environment","../logging/app-logger.service","./onglets/admin-dossier-details/admin-dossier-details.service","./dossier/dossier.module","./shared/security/security.module","../../../../models/dossier/execution.model","../components/validation-dossier/validation-commentaires/validation-commentaires.component","./page/configuration-orchestrateur/admin-config-orchestrateur.service","./admin/admin.module","./page/message-utilisateur/message-utilisateur.component","../page/admin-dossiers/search-filter.model"]},"Java":{"language":"Java","additions":11823,"deletions":3008,"libraries":["org.apache.commons","org.assertj","org.hamcrest.CoreMatchers","org.springframework.beans","org.slf4j","org.mockito.ArgumentMatchers","org.springframework.http","lombok.extern","io.swagger","lombok.Singular","lombok.SneakyThrows","lombok.RequiredArgsConstructor","org.springframework.test","lombok.Builder.Default","org.springframework.scheduling","io.restassured.http","io.swagger.v3","org.junit.platform","org.mockito.MockitoAnnotations","org.mockito.ArgumentMatcher","org.json.JSONObject","org.springframework","org.json","com.fasterxml.jackson","org.bson","lombok.ToString","io.cucumber.java8","org.springframework.util","com.google","org.mockito","com.socgen.itim","org.glassfish.jersey","lombok.NonNull","org.springframework.web","lombok.EqualsAndHashCode","io.restassured","com.socgen","org.springframework.core","com.socgen.digital","org.hamcrest.MatcherAssert","lombok.Builder","io.cucumber.junit","org.springframework.stereotype","lombok.extern.slf4j","org.springframework.data","org.springframework.context","io.restassured.RestAssured","org.apache","com.fasterxml","lombok.Setter","lombok.","lombok.Getter","org.assertj.core","org.mockito.Mock","io.cucumber.spring","org.mockito.Captor","lombok.Value","io.restassured.specification","lombok.experimental.UtilityClass","com.github.tomakehurst","org.mockito.ArgumentCaptor","lombok.AccessLevel","io.cucumber.datatable","org.apache.logging","org.bson.types","org.mockito.InjectMocks","com.github.cloudyrock","com.github","org.slf4j.Logger","org.mockito.InOrder","com.socgen.dga","lombok.experimental.SuperBuilder","org.hamcrest.Matchers","org.glassfish","com.google.common","org.springframework.dao","com.owlike.genson","org.junit.jupiter","org.springframework.boot","org.mockito.Mockito","org.mockito.BDDMockito","org.springframework.cache","lombok.experimental","org.hamcrest.core","org.slf4j.MDC","com.owlike","org.hamcrest.collection","lombok.Data","org.mockito.junit","org.junit","org.hamcrest","lombok.AllArgsConstructor","io.cucumber","org.springframework.retry","lombok.NoArgsConstructor","io.cucumber.java"]},"JavaScript":{"language":"JavaScript","additions":2,"deletions":2,"libraries":[]}}},"adrien.zaffran-ext@socgen.com":{"userName":"Adrien ZAFFRAN","userEmail":"adrien.zaffran-ext@socgen.com","firstCommitDate":{"date":{"year":2021,"month":5,"day":10},"time":{"hour":14,"minute":55,"second":38,"nano":0}},"lastCommitDate":{"date":{"year":2022,"month":12,"day":19},"time":{"hour":15,"minute":16,"second":18,"nano":0}},"commitCount":189,"languages":{"TypeScript":{"language":"TypeScript","additions":5393,"deletions":975,"libraries":["./components/controle/admin-tableau-controles/admin-tableau-controles.component","../../../shared/storage/storage.service","../../dossier.module","../../../shared/services/app-contexte.service","./components/design/body/body.component","./page/admin/admin.component","./model/icon-statut-statut.model","../action-controle.enum","ng-zorro-antd/core/config","../../services/document.service","../../shared.module","./typologie-document","./document-indexe.model","../../../../shared/storage/DossierUtils","ng-zorro-antd/notification","../../../admin.config","./onglets/admin-dossier-details/admin-tableau-controles/admin-tableau-controles.component","./sous-controle.model","./admin-steps-etapes.component","./components/features/admin-dossiers/admin-dossiers.component","ng-zorro-antd/grid","../../../models/messages/type-message-alerte.enum","./valeur-resultat.enum","./onglets/admin-dossier-details/admin-controles/admin-controles.component","./dossier-details.component","./montant.component","../../../../models/action-controle.enum","ng-zorro-antd/tooltip","../../service/admin-session.service","../../../tests/samples.dossiers.spec","./validation-valeurs/validation-valeurs.component","../../../models/header/reference.model","./pagination-params.model","../../../../models/TypeControle","rxjs","./etat.component","../security/sg-signin.service","./services/debranchement.service","@angular/common/locales/en","./dossier/page/dossier.component","../../../../shared/track-by-id","../../utils/error-util","../../models/header/header.model","../../controles/filtres-controles/filtres.service","./components/controle/admin-controles/admin-controles.component","../../shared/security/sg-signin.service","../../../../models/dossier/statut-dossier.enum","./traitement-controle.component","../../admin.config","./storage.service","./components/controles/traitement-controle/traitement-controle.service","../../../app.constants","@angular/core/testing","ng-zorro-antd/button","../../../../models/dossier/sous-controle.model","./components/dossier/admin-tableau-dossiers/admin-tableau-dossiers.component","../../models/action-controle.enum","@angular/core","../../../shared/shared-test/mocks","./components/bouton-spinner/bouton-spinner.component","./dossier.service","../../shared/storage/storage.service","./app-logger.service","../../../shared/track-by-id","../../models/dossier/document-indexe.model","../../admin/service/admin-dossier.service","../../../shared/components/icon/icon.component","../../../shared/components/modal/modal.service","../../../models/app.model","../../models/etat-controle.enum","../../dossier/services/dossier.service","../../../../models/dossier/dossier.model","./onglets/admin-dossier-details/admin-etapes/admin-etapes.component","../../../../models/etat-controle.enum","../../../models/etat-controle.enum","../../../../shared/constants","angular-svg-icon","./shared/security/sg-signin.service","ng-zorro-antd/checkbox","../../../models/dossier/statut.enum","../../../models/dossier/etape.model","../../services/dossier.service","./shared/shared-test/shared-test.module","./debranchement.service","../../../../shared/TrackById","./synthese-commentaires.component","ng-zorro-antd/select","./components/montant/montant.component","./bouton-spinner.component","./onglets/admin-dossier-details/admin-executions/admin-executions.component","../../../../shared/custom-validators","ngx-logger","./admin-recherche-dossier.component","./components/debranchement-sg-docs/debranchement-sg-docs.component","./components/dossier/admin-dossiers/admin-dossiers.component","../../../shared/shared.module","./components/dossier.component","../constants","../../../../shared/storage/dossier-utils","./filtres-controles.component","./admin-etapes.component","../../shared/security/RoleSgSignIn","ng-zorro-antd/collapse","./admin-tableau-controles.component","../../../services/document.service","./components/design/header/header.component","./admin-session.service","./components/controles/traitement-controle/traitement-controle.component","lodash-es","./components/etat/etat.component","../../../../shared/shared-test/mocks","../../../../models/dossier/statut.enum","../../shared/security/security.module","./components/dossier-details/dossier-details.component","../tests/samples.dossiers.spec","ng-zorro-antd/typography","../../models/dossier/etape.model","./statut-dossier.enum","./admin-dossier-details.service","@angular/cdk/text-field","../../../services/debranchement.service","../../../../shared/services/app-contexte.service","../../controles/filtres-controles/filtres-controles.enum","../../../../shared/security/security.module","./shared/spinner/spinner.service","./statut.enum","./components/admin-dossier-details/admin-dossier-details.component","./validation-synthese.component","./admin-executions.component","../../models/dossier/controle.model","./type-message-alerte.enum","../../service/admin-dossier.service","ng-zorro-antd/tabs","../../../../models/header/reference.model","../../admin.module","ng-zorro-antd/core/no-animation","ngx-mask","../components/validation-dossier/validation-synthese/validation-synthese.component","../../../../models/dossier/controle.model","@angular/common/http/testing","../../../../models/validation-synthese/donnee-validation.model","../../models/TypeControle","../ActionControle","../../models/dossier/statut-dossier.enum","./shared/logging/app-logger.service","./admin-dossier.service","./filtres.service","../../../../models/type-controle.enum","ng-zorro-antd/input","./validation-synthese/donnee-validation.model","./validation-synthese/validation-synthese.model","./shared/spinner/spinner.component","./validation-valeurs-ecran.model","../../../shared/constants","./request-interceptor.service","../../models/dossier/edition/valeur-resultat.enum","ngx-logger/testing","../../../dossier.module","ng-zorro-antd/steps","../../models/validation-synthese/donnee-validation.model","../../dossier/tests/samples.dossiers.spec","../../../../shared/shared.module","./processus.model","./champs-editable.component","./components/admin-tableau-dossiers/admin-tableau-dossiers.component","../TypeControle","../spinner/spinner.service","ng-zorro-antd/page-header","./onglets/admin-dossiers/admin-dossiers.component","./components/modal/modal-chargement/modal-chargement.component","../admin.config","./admin-controles.component","lodash","../shared/shared.module","@angular/router/testing","../../shared/shared-test/shared-test.module","../../shared/spinner/spinner.service","../../../../models/app.model","../../app.global-variables","./services/dossier.service","../../../../models/dossier/edition/valeur-resultat.model","../components/modal/modal.service","./admin-tableau-dossiers.component","ng-zorro-antd/spin","../../../../shared/shared-test/shared-test.module","./dossier.model","../dossier.module","ng-zorro-antd/i18n","../../../models/dossier/dossier.model","../../../models/type-controle.enum","../../../tests/samples.synthese.spec","@angular/common","./app.component","./controles.component","../../../app.global-variables","ng-zorro-antd/alert","../shared-test/mocks","../logging/logger.utils","./traitement-controle.service","./components/bloc-controles/bloc-controles.component","../../../service/admin-dossier.service","./monitoring-dossiers.service","./components/header/header.component","ts-mocks","../../admin/admin.config","./page/dossier.component","../shared-test/shared-test.module","ng-zorro-antd/descriptions","../validation-synthese.service","./components/admin-tableau-controles/admin-tableau-controles.component","../../../models/dossier/execution.model","./admin/page/admin/admin.component","./edition/valeur-resultat.model","../../../../models/dossier/edition/valeur-resultat.enum","../../shared-test/shared-test.module","../../dossier/services/debranchement.service","./app.constants","./emprunteurs-header.component","./donnee-validation.model","@angular/forms","./reference.model","./spinner/circle-spinner/circle-spinner.component","../../shared/services/app-contexte.service","./synthese-commentaires.service","./components/dossier/admin-dossier-details/admin-dossier-details.component","../../../../shared/components/modal/modal.service","@angular/platform-browser","../../../../shared/storage/storage.service","./validation-synthese/validation-synthese.component","../../dossier/services/document.service","../../../shared/logging/logger.utils","ng-zorro-antd/message","./admin-onglet-executions.component","./components/admin-onglet-executions/admin-onglet-executions.component","../etat-controle.enum","./dossier/components/dossier.component","./components/admin-steps-etapes/admin-steps-etapes.component","./validation-synthese.service","./components/icone/icone.component","ng-zorro-antd/pagination","../../../models/dossier/controle.model","rxjs/operators","../services/debranchement.service","../storage/storage.service","../synthese-commentaires.service","../messages/message-alerte.model","ng-zorro-antd/badge","./onglets/admin-dossier-details/admin-documents-drawer/admin-documents-drawer.component","./dossier.component","./dossier/edition/valeur-resultat","./components/drawer/admin-drawer.component","./admin-dossier-details.component","../services/dossier.service","./onglets/admin-dossiers/admin-tableau-dossiers/admin-tableau-dossiers.component","../layout/layout.service","../../../shared/TrackById","./components/dossier/admin-onglet-executions/admin-onglet-executions.component","./circle-spinner.component","file-saver","ng-mocks","./page/no-habilitation/no-habilitation.component","../../../../dossier/services/document.service","../../../shared/spinner/spinner.service","./monitoring-dossiers.component","./onglets/admin-dossier-details/admin-dossier-details.component","./filtres-controles.enum","../../service/admin-documents.service","../../../service/admin-session.service","./traitement-controle/traitement-controle.component","../../admin/model/app-admin.model","./components/validation-dossier/validation-dossier.module","ng-zorro-antd/switch","../validation-dossier.module","../../../../models/ActionControle","../../../../models/dossier/edition/valeur-type.enum","ng-zorro-antd/upload","./etape.model","./icone.component","../../models/app.model","../../admin/service/admin-dossiers.service","./dossier/controle.model","../../../shared/components/icone/icone.component","./controle.model","../../../services/dossier.service","../../models/dossier/dossier.model","./admin-dossiers.component","../../../../app.constants","../../../models/dossier/statut-dossier.enum","@angular/platform-browser/animations","../../../models/TypeControle","ng-zorro-antd/drawer","../security/RoleSgSignIn","./validation-commentaires/validation-commentaires.component","./components/features/admin-controles/admin-controles.component","./execution.model","../../tests/samples.dossiers.spec","../../../../models/dossier/etape.model","ng-zorro-antd/radio","./validation-valeurs.component","./components/tooltip/tooltip.component","../shared/components/icon/icon.component","../../track-by-id","./admin-documents.service","../components/design/bandeau/bandeau.component","../../shared/shared-test/mocks","../../../shared/shared-test/shared-test.module","../components/design/body/body.component","ng-zorro-antd/form","../models/statut.enum","./validation-commentaires.component","./components/message-alerte/message-alerte.component","../../models/dossier.model","ng-zorro-antd/table","./header.component","ng-zorro-antd/modal","../components/validation-dossier/validation-valeurs/validation-valeurs.component","./body.component","../../shared/constants","../type-controle.enum","../../service/admin-dossiers.service","../../admin.constants","./components/dossier/admin-steps-etapes/admin-steps-etapes.component","./validation-valeur.model","./app-routing.module","./dossier/dossier.model","./components/controles/filtres-controles/filtres-controles.component","./components/champs-editable/champs-editable.component","../dossier/components/etat/etat.component","../dossier/edition/valeur-resultat.model","./samples.synthese.spec","../../../model/app-admin.model","ngx-webstorage","./header/header.model","@angular/router","./synthese-commentaires-controles/synthese-commentaires.component","./components/modal/simple-error-modal/simple-error-modal.component","./components/admin-button/admin-button.component","../../../models/validation-synthese/donnee-validation.model","../../../../models/messages/message-alerte.model","./components/design/bandeau/bandeau.component","../../models/dossier/sous-controle.model","../../../../models/dossier/document-indexe.model","@angular/common/http","../../model/app-admin.model","./shared/shared.module","../environments/environment","./onglets/admin-dossiers/admin-recherche-dossier/admin-recherche-dossier.component","../model/app-admin.model","../logging/app-logger.service","./dossier/dossier.module","../../models/type-controle.enum","./shared/security/security.module","./icon.component","../components/validation-dossier/validation-commentaires/validation-commentaires.component","../../../../models/dossier/execution.model","./donnee.model","./components/controles/controles.component","../components/design/footer/footer.component","./document.service","../../../models/header/header.model","./admin/admin.module","../../../shared/security/security.module","./components/modal/basic-error-modal/simple-error-modal/simple-error-modal.component","./message-alerte.component","./admin.component","ng-zorro-antd/icon"]},"Java":{"language":"Java","additions":33342,"deletions":6569,"libraries":["org.assertj","org.springframework.beans","org.mockito.ArgumentMatchers","org.springframework.http","org.springframework.test","io.swagger.v3","org.mockito.MockitoAnnotations","wiremock.com","org.springframework","org.json","org.bson","io.cucumber.java8","com.google","org.mockito","lombok.NonNull","org.glassfish.jersey","org.springframework.web","org.springframework.core","org.mockito.","com.socgen.digital","org.mockito.MockedStatic","lombok.extern.slf4j","org.springframework.data","io.restassured.RestAssured","wiremock.com.google","lombok.AccessLevel.PRIVATE","io.cucumber.core","org.mockito.Mock","io.cucumber.spring","lombok.experimental.UtilityClass","lombok.AccessLevel","io.restassured.response","com.mongodb.assertions","org.junit.Before","org.mockito.InjectMocks","com.github.cloudyrock","lombok.experimental.SuperBuilder","org.junit.Test","com.google.common","com.owlike.genson","org.springframework.boot","org.mockito.BDDMockito","org.slf4j.MDC","org.hamcrest.collection","org.mockito.junit","org.junit","org.hamcrest","org.junit.Assert","lombok.NoArgsConstructor","org.apache.commons","org.hamcrest.CoreMatchers","org.slf4j","lombok.extern","io.swagger","lombok.SneakyThrows","lombok.RequiredArgsConstructor","io.restassured.http","org.junit.platform","org.json.JSONObject","com.fasterxml.jackson","com.mongodb","org.mockito.Spy","lombok.ToString","org.springframework.util","org.springframework.cloud","com.socgen.itim","wiremock.org.apache","lombok.EqualsAndHashCode","org.mockito.AdditionalAnswers","io.restassured","com.socgen","org.hamcrest.MatcherAssert","lombok.Builder","io.cucumber.junit","wiremock.org","org.springframework.stereotype","org.springframework.context","org.apache","com.fasterxml","lombok.Setter","lombok.","lombok.Getter","org.assertj.core","org.mockito.Captor","io.restassured.specification","com.github.tomakehurst","org.mockito.ArgumentCaptor","org.apache.tika","io.cucumber.datatable","org.apache.logging","org.bson.types","com.github","org.mockito.InOrder","org.slf4j.Logger","com.socgen.dga","org.hamcrest.Matchers","org.glassfish","org.junit.jupiter","org.mockito.Mockito","org.springframework.cache","lombok.experimental","org.hamcrest.core","com.owlike","lombok.Data","org.junit.runner","io.cucumber","lombok.AllArgsConstructor","org.springframework.retry","io.cucumber.java"]},"JavaScript":{"language":"JavaScript","additions":30,"deletions":11,"libraries":[]}}},"fabien.bourdoulous@socgen.com":{"userName":"FABIEN BOURDOULOUS","userEmail":"fabien.bourdoulous@socgen.com","firstCommitDate":{"date":{"year":2021,"month":12,"day":22},"time":{"hour":12,"minute":22,"second":22,"nano":0}},"lastCommitDate":{"date":{"year":2022,"month":1,"day":3},"time":{"hour":19,"minute":23,"second":44,"nano":0}},"commitCount":2,"languages":{}},"ninh.dinh-ext@socgen.com":{"userName":"x164432 Ninh DINH","userEmail":"ninh.dinh-ext@socgen.com","firstCommitDate":{"date":{"year":2022,"month":10,"day":31},"time":{"hour":15,"minute":56,"second":29,"nano":0}},"lastCommitDate":{"date":{"year":2022,"month":11,"day":2},"time":{"hour":16,"minute":41,"second":20,"nano":0}},"commitCount":11,"languages":{}},"nicolas.coudert-ext@socgen.com":{"userName":"x171260 Nicolas COUDERT","userEmail":"nicolas.coudert-ext@socgen.com","firstCommitDate":{"date":{"year":2021,"month":10,"day":5},"time":{"hour":9,"minute":56,"second":1,"nano":0}},"lastCommitDate":{"date":{"year":2022,"month":12,"day":19},"time":{"hour":17,"minute":14,"second":38,"nano":0}},"commitCount":137,"languages":{"TypeScript":{"language":"TypeScript","additions":3289,"deletions":1538,"libraries":["../models/dossier/edition/validateurs-enum","../../../shared/storage/storage.service","../../dossier.module","../../../shared/services/app-contexte.service","../../../../models/header/header.model","./components/design/body/body.component","./page/admin/admin.component","../../models/trigramme.enum","./model/icon-statut-statut.model","ng-zorro-antd/core/config","../../shared/storage/dossier-utils","../shared/pipes/pipes.module","../../services/document.service","../../../shared/security/RoleSgSignIn","./typologie-document","./document-indexe.model","../../../../shared/storage/DossierUtils","ng-zorro-antd/notification","./RoleSgSignIn","./valeur-type.enum","./sous-controle.model","./directives/role-super-admin-present.directive","ng-zorro-antd/grid","../../../models/messages/type-message-alerte.enum","./valeur-resultat.enum","./onglets/admin-dossier-details/admin-controles/admin-controles.component","./service/admin-dossiers.service","../../../models/dossier/edition/validateurs-enum","../../../../models/action-controle.enum","ng-zorro-antd/tooltip","../../service/admin-session.service","./directives/not-dev-feature.directive","../../../tests/samples.dossiers.spec","./dossier/page/accessibilite/accessibilite.component","../../../models/header/reference.model","../../../../models/TypeControle","rxjs","./etat.component","../security/sg-signin.service","./services/debranchement.service","@angular/common/locales/en","../../../models/dossier/edition/valeur-resultat.enum","./components/emprunteurs-header/emprunteurs-header.component","./dossier/page/dossier.component","../../../../shared/track-by-id","../../utils/error-util","../../controles/filtres-controles/filtres.service","../../models/header/header.model","../../shared/security/sg-signin.service","./shared/services/version.service","../../../models/statut.enum","../../model/configuration-orchestrateur","ng-zorro-antd/tag","../../../../models/dossier/statut-dossier.enum","./traitement-controle.component","../../admin.config","../../../models/dossier/edition/valeur-type.enum","./components/controles/traitement-controle/traitement-controle.service","./page/admin-dossier-details/admin-dossier-details.service","../../../app.constants","@angular/core/testing","ng-zorro-antd/button","../../../../models/dossier/sous-controle.model","../../../../models/dossier/etat-controle.enum","../../models/action-controle.enum","@angular/core","../../../shared/shared-test/mocks","./components/bouton-spinner/bouton-spinner.component","./dossier.service","../../service/admin-monitoring.service","../../shared/storage/storage.service","../../custom-validators","../../models/dossier/document-indexe.model","../../admin/service/admin-dossier.service","./tooltip.component","@angular/common/locales/fr","../../../models/app.model","../../../shared/components/modal/modal.service","../../models/etat-controle.enum","./validateurs-enum","../../dossier/services/dossier.service","../../../../models/dossier/dossier.model","./onglets/admin-dossier-details/admin-etapes/admin-etapes.component","../../../../models/etat-controle.enum","../../../models/etat-controle.enum","../../../../shared/constants","./shared/security/sg-signin.service","angular-svg-icon","ng-zorro-antd/checkbox","../../../models/dossier/etape.model","./shared/shared-test/shared-test.module","../../services/dossier.service","./debranchement.service","../../../../shared/TrackById","./synthese-commentaires.component","ng-zorro-antd/select","./components/montant/montant.component","./onglets/admin-dossier-details/admin-executions/admin-executions.component","../../../../shared/custom-validators","ngx-logger","../../model/env","../services/app-contexte.service","./components/debranchement-sg-docs/debranchement-sg-docs.component","../../../shared/shared.module","../page/layout/layout.service","../statut.enum","./app.global-variables","../constants","../../../../shared/storage/dossier-utils","./filtres-controles.component","ng-zorro-antd/collapse","../../shared/security/RoleSgSignIn","../../../services/document.service","./components/design/header/header.component","./components/controles/traitement-controle/traitement-controle.component","lodash-es","./components/etat/etat.component","./dossier/page/message-utilisateur/message-utilisateur.component","../../../../shared/shared-test/mocks","../../shared/security/security.module","../../../service/referentiel.model","../tests/samples.dossiers.spec","ng-zorro-antd/typography","date-fns/locale","./page/layout/layout.service","./statut-dossier.enum","./configuration-xcos","./edition/valeur-resultat","./admin-dossier-details.service","@angular/cdk/text-field","../../../services/debranchement.service","../../../../shared/services/app-contexte.service","../../controles/filtres-controles/filtres-controles.enum","../../../../shared/security/security.module","./shared/spinner/spinner.service","./validation-synthese.component","date-fns","../../models/dossier/controle.model","./shared/constants","../../service/admin-dossier.service","ng-zorro-antd/tabs","../../admin.module","ng-zorro-antd/core/no-animation","ngx-mask","../components/validation-dossier/validation-synthese/validation-synthese.component","../../../../models/dossier/controle.model","@angular/common/http/testing","../../../../models/validation-synthese/donnee-validation.model","../../models/TypeControle","../../models/dossier/statut-dossier.enum","./filtres.service","../../../../models/type-controle.enum","ng-zorro-antd/input","./shared/spinner/spinner.component","../../../shared/constants","../admin-config-orchestrateur.service","./referentiel.model","./request-interceptor.service","../../models/dossier/edition/valeur-resultat.enum","ngx-logger/testing","./search-filter.model","./type-message.enum","../../../dossier.module","ng-zorro-antd/steps","../page/message-utilisateur/type-message.enum","./page/accessibilite/accessibilite.component","../../models/validation-synthese/donnee-validation.model","../../dossier/tests/samples.dossiers.spec","../../../../shared/shared.module","./processus.model","./champs-editable.component","../spinner/spinner.service","./onglets/admin-dossiers/admin-dossiers.component","./page/layout/layout.component","ng-zorro-antd/auto-complete","./components/modal/modal-chargement/modal-chargement.component","../admin.config","lodash","../shared/shared.module","../libelle-valeur.model","@angular/router/testing","../../shared/shared-test/shared-test.module","../../../shared/security/sg-signin.service","../../shared/spinner/spinner.service","../../../../models/app.model","../../app.global-variables","./services/dossier.service","../../../../models/dossier/edition/valeur-resultat.model","../components/modal/modal.service","ng-zorro-antd/spin","../../../../shared/shared-test/shared-test.module","./service/admin-referentiels.service","./shared/logging/logger.utils","../dossier.module","../../../admin.constants","ng-zorro-antd/i18n","./dossier/guards/habilitation.guard","../../../models/dossier/dossier.model","./page/admin-dossiers/admin-dossiers.component","@angular/common","../../../tests/samples.synthese.spec","./app.component","./controles.component","../../../app.global-variables","ng-zorro-antd/alert","../logging/logger.utils","./page/monitoring/monitoring-dossiers.component","ng-zorro-antd/input-number","./traitement-controle.service","./components/bloc-controles/bloc-controles.component","./admin-routing.module","ts-mocks","../../admin/admin.config","../search-filter.model","./page/dossier.component","ng-zorro-antd/descriptions","../../../../models/libelle-valeur.model","../validation-synthese.service","./admin/page/admin/admin.component","./edition/valeur-resultat.model","../../../../models/dossier/edition/valeur-resultat.enum","../../shared-test/shared-test.module","./app.constants","../../dossier/services/debranchement.service","./emprunteurs-header.component","./donnee-validation.model","@angular/forms","./spinner/circle-spinner/circle-spinner.component","../../shared/services/app-contexte.service","./synthese-commentaires.service","../../../../shared/components/modal/modal.service","@angular/platform-browser","../../../admin/admin.constants","../../../../shared/storage/storage.service","./page/admin-dossier-details/admin-dossier-details.component","../../dossier/services/document.service","./validation-synthese/validation-synthese.component","../../../shared/logging/logger.utils","../../service/admin-referentiels.service","ng-zorro-antd/message","../../models/validation-synthese/validation-synthese.model","../etat-controle.enum","../../../shared/services/version.service","./validation-synthese.service","./components/icone/icone.component","../models/dossier/edition/valeur-validation","../shared/components/tooltip/tooltip.component","../shared/constants","ng-zorro-antd/pagination","./page/admin-dossier-details/admin-etapes/admin-etapes.component","../../../models/dossier/controle.model","../../../models/dossier/edition/valeur-validation","rxjs/operators","../services/debranchement.service","../storage/storage.service","../synthese-commentaires.service","ng-zorro-antd/badge","../messages/message-alerte.model","./onglets/admin-dossier-details/admin-documents-drawer/admin-documents-drawer.component","./dossier.component","ng-zorro-antd/empty","./components/drawer/admin-drawer.component","./components/design/footer/footer.component","../../../../shared/logging/logger.utils","./page/admin-dossier-details/admin-controles/admin-controles.component","../services/dossier.service","../../../models/dossier/etat-controle.enum","./onglets/admin-dossiers/admin-tableau-dossiers/admin-tableau-dossiers.component","../layout/layout.service","../../../shared/TrackById","file-saver","ng-mocks","./page/no-habilitation/no-habilitation.component","../../../../dossier/services/document.service","./page/admin-dossier-details/admin-executions/admin-executions.component","./monitoring-dossiers.component","./onglets/admin-dossier-details/admin-dossier-details.component","./filtres-controles.enum","../../service/admin-documents.service","./traitement-controle/traitement-controle.component","../../admin/model/app-admin.model","./components/validation-dossier/validation-dossier.module","ng-zorro-antd/switch","../validation-dossier.module","../../shared/logging/logger.utils","../../../../models/ActionControle","../../../../models/dossier/edition/valeur-type.enum","ng-zorro-antd/upload","./icone.component","../../../model/configuration-orchestrateur","../../../../models/messages/type-message-alerte.enum","../../models/app.model","../../admin/service/admin-dossiers.service","./dossier/controle.model","ng-zorro-antd/list","../../../shared/components/icone/icone.component","../../../services/dossier.service","./message-utilisateur/type-message.enum","../../models/dossier/dossier.model","../../../../app.constants","../../../models/dossier/statut-dossier.enum","ng-zorro-antd/date-picker","@angular/platform-browser/animations","../../../models/TypeControle","ng-zorro-antd/drawer","../security/RoleSgSignIn","./validation-commentaires/validation-commentaires.component","../shared/components/icone/icone.component","./execution.model","../../tests/samples.dossiers.spec","ng-zorro-antd/radio","./components/tooltip/tooltip.component","../shared/components/icon/icon.component","./admin-documents.service","../components/design/bandeau/bandeau.component","../../../shared/shared-test/shared-test.module","../../shared/shared-test/mocks","./directives/dev-feature.directive","../components/design/body/body.component","ng-zorro-antd/form","../models/statut.enum","./validation-commentaires.component","./components/message-alerte/message-alerte.component","ngx-json-viewer","ng-zorro-antd/table","./header.component","ng-zorro-antd/modal","@angular/cdk/layout","./body.component","../../shared/constants","../../service/admin-dossiers.service","../../admin.constants","./constants","./app-routing.module","./dossier/dossier.model","./components/controles/filtres-controles/filtres-controles.component","./components/champs-editable/champs-editable.component","../dossier/components/etat/etat.component","../dossier/edition/valeur-resultat.model","./samples.synthese.spec","./layout.service","ngx-webstorage","./header/header.model","../ControleAction","@angular/router","./synthese-commentaires-controles/synthese-commentaires.component","./components/admin-button/admin-button.component","./components/modal/simple-error-modal/simple-error-modal.component","../../../models/validation-synthese/donnee-validation.model","../../../../models/messages/message-alerte.model","./components/design/bandeau/bandeau.component","../../models/dossier/sous-controle.model","../../../../models/dossier/document-indexe.model","@angular/common/http","../../model/app-admin.model","../../../../shared/focus-handler","../environments/environment","../model/app-admin.model","./onglets/admin-dossiers/admin-recherche-dossier/admin-recherche-dossier.component","../logging/app-logger.service","../../../service/admin-referentiels.service","./dossier/dossier.module","../../models/type-controle.enum","./shared/security/security.module","../components/validation-dossier/validation-commentaires/validation-commentaires.component","./components/controles/controles.component","./page/configuration-orchestrateur/admin-config-orchestrateur.service","../components/design/footer/footer.component","../../../model/configuration-xcos","../../../models/header/header.model","./admin/admin.module","../../../shared/security/security.module","./libelle-valeurs.model","./page/message-utilisateur/message-utilisateur.component","../page/admin-dossiers/search-filter.model","ng-zorro-antd/icon"]},"Java":{"language":"Java","additions":39872,"deletions":5550,"libraries":["org.assertj","org.springframework.beans","org.mockito.ArgumentMatchers","org.springframework.http","org.springframework.test","org.springframework.scheduling","io.swagger.v3","org.mockito.MockitoAnnotations","org.springframework","org.json","org.bson","io.cucumber.java8","com.google","org.mockito","lombok.NonNull","org.glassfish.jersey","org.springframework.web","org.springframework.core","org.mockito.","org.mockito.MockedStatic","com.socgen.digital","lombok.extern.slf4j","io.changock","org.springframework.data","io.restassured.RestAssured","lombok.AccessLevel.PRIVATE","io.cucumber.core","org.mockito.Mock","org.jetbrains.annotations","io.cucumber.spring","lombok.experimental.UtilityClass","lombok.AccessLevel","io.restassured.response","com.mongodb.assertions","org.mockito.InjectMocks","com.github.cloudyrock","lombok.experimental.SuperBuilder","com.google.common","com.owlike.genson","org.springframework.boot","org.mockito.BDDMockito","org.slf4j.MDC","io.changock.migration","org.hamcrest.collection","org.mockito.junit","org.junit","org.hamcrest","org.junit.Assert","lombok.NoArgsConstructor","org.apache.commons","org.hamcrest.CoreMatchers","org.slf4j","lombok.extern","io.swagger","lombok.SneakyThrows","lombok.RequiredArgsConstructor","org.slf4j.LoggerFactory","lombok.Builder.Default","io.restassured.http","org.junit.platform","org.mockito.ArgumentMatcher","org.json.JSONObject","com.fasterxml.jackson","com.mongodb","org.mockito.Spy","lombok.ToString","org.springframework.util","org.springframework.cloud","com.socgen.itim","wiremock.org.apache","lombok.EqualsAndHashCode","io.restassured","org.mockito.AdditionalAnswers","com.socgen","org.hamcrest.MatcherAssert","lombok.Builder","wiremock.org","io.cucumber.junit","org.springframework.stereotype","org.springframework.context","org.apache","com.fasterxml","lombok.Setter","lombok.","lombok.Getter","org.assertj.core","org.mockito.Captor","io.restassured.specification","lombok.Value","com.github.tomakehurst","org.mockito.ArgumentCaptor","org.apache.tika","io.cucumber.datatable","org.apache.logging","org.jetbrains","org.bson.types","com.github","org.mockito.InOrder","org.slf4j.Logger","com.socgen.dga","org.hamcrest.Matchers","org.glassfish","org.springframework.dao","org.junit.jupiter","org.mockito.Mockito","org.springframework.cache","lombok.experimental","org.hamcrest.core","com.owlike","lombok.Data","lombok.AllArgsConstructor","io.cucumber","org.springframework.retry","io.cucumber.java"]},"JavaScript":{"language":"JavaScript","additions":157,"deletions":45,"libraries":[]}}}}}