{
  "swagger": "2.0",
  "info": {
    "description": "This allows you to generate an OAuth2 token that will be used in order to get access to the current API",
    "version": "1.3.2-SNAPSHOT",
    "title": "Authorization Server"
  },
  "host": "h-api.bsc.socgen:8443",
  "basePath": "/ooorm",
  "tags": [
    {
      "name": "Authorization Server",
      "description": "OAuth2 Access Token Operations"
    }
  ],
  "paths": {
    "/oauth/token": {
      "post": {
        "tags": [
          "Authorization Server"
        ],
        "summary": "Get an OAuth2 Access Token",
        "description": "Request OAuth2 Access Token Using Form URL Encoded Request",
        "operationId": "getTokenUsingFormURLEncodedRequestUsingPOST",
        "consumes": [
          "application/x-www-form-urlencoded"
        ],
        "produces": [
          "application/json"
        ],
        "parameters": [
          {
            "name": "client_id",
            "in": "query",
            "description": "The client id",
            "required": true,
            "type": "string"
          },
          {
            "name": "client_secret",
            "in": "query",
            "description": "The client secret",
            "required": true,
            "type": "string"
          },
          {
            "name": "grant_type",
            "in": "query",
            "description": "The authorization grant",
            "required": true,
            "type": "string",
            "default": "client_credentials"
          },
          {
            "name": "scope",
            "in": "query",
            "description": "The The authorization scope",
            "required": true,
            "type": "string"
          }
        ],
        "responses": {
          "200": {
            "description": "Success. Returns the OAuth2 Access Token.",
            "schema": {
              "$ref": "#/definitions/AccessTokenResponse"
            }
          },
          "400": {
            "description": "Bad Request",
            "schema": {
              "$ref": "#/definitions/AccessTokenErrorResponse"
            }
          },
          "500": {
            "description": "Internal Server Error",
            "schema": {
              "$ref": "#/definitions/AccessTokenErrorResponse"
            }
          }
        }
      }
    }
  },
  "definitions": {
    "AccessTokenErrorResponse": {
      "type": "object",
      "properties": {
        "error": {
          "type": "string"
        },
        "error_description": {
          "type": "string"
        }
      }
    },
    "AccessTokenResponse": {
      "type": "object",
      "properties": {
        "access_token": {
          "type": "string"
        },
        "expires_in": {
          "type": "string"
        },
        "token_type": {
          "type": "string"
        }
      }
    }
  }
}