<?xml version="1.0" encoding="UTF-8"?>
<project xsi:schemaLocation="http://maven.apache.org/POM/4.0.0 https://maven.apache.org/xsd/maven-4.0.0.xsd" xmlns="http://maven.apache.org/POM/4.0.0"
    xmlns:xsi="http://www.w3.org/2001/XMLSchema-instance">
  <modelVersion>4.0.0</modelVersion>
  <parent>
    <groupId>org.springframework.boot</groupId>
    <artifactId>spring-boot-starter-parent</artifactId>
    <version>2.7.3</version>
  </parent>
  <groupId>com.socgen.eqc</groupId>
  <artifactId>eqc-parent</artifactId>
  <version>3.1.1-SNAPSHOT</version>
  <packaging>pom</packaging>
  <description>Equilibrage des activités en CDS</description>
  <licenses>
    <license>
      <name>Apache License, Version 2.0</name>
      <url>https://www.apache.org/licenses/LICENSE-2.0</url>
    </license>
  </licenses>
  <modules>
    <module>eqc-front-react</module>
    <module>eqc-app</module>
  </modules>
  <scm>
    <connection>scm:git:https://sgithub.fr.world.socgen/FIT/eqc-parent</connection>
    <developerConnection>scm:git:https://sgithub.fr.world.socgen/FIT/eqc-parent</developerConnection>
    <url>https://sgithub.fr.world.socgen/FIT/eqc-parent</url>
  </scm>
  <properties>
    <java.version>11</java.version>
    <maven-release-plugin.version>3.8.3</maven-release-plugin.version>
    <release.profile>release</release.profile>
  </properties>
  <build>
    <plugins>
      <plugin>
        <groupId>org.codehaus.mojo</groupId>
        <artifactId>flatten-maven-plugin</artifactId>
        <version>1.2.1</version>
        <executions>
          <execution>
            <id>flatten</id>
            <phase>process-resources</phase>
            <goals>
              <goal>flatten</goal>
            </goals>
          </execution>
          <execution>
            <id>flatten.clean</id>
            <phase>clean</phase>
            <goals>
              <goal>clean</goal>
            </goals>
          </execution>
        </executions>
        <configuration>
          <updatePomFile>true</updatePomFile>
          <flattenMode>resolveCiFriendliesOnly</flattenMode>
        </configuration>
      </plugin>
      <plugin>
        <artifactId>maven-scm-plugin</artifactId>
        <version>1.11.2</version>
        <configuration>
          <tag>v${project.version}</tag>
        </configuration>
      </plugin>
      <plugin>
        <artifactId>maven-release-plugin</artifactId>
        <version>${maven-release-plugin.version}</version>
        <configuration>
          <useReleaseProfile>false</useReleaseProfile>
          <releaseProfiles>${release.profile}</releaseProfiles>
          <mavenExecutorId>forked-path</mavenExecutorId>
          <workingDirectory></workingDirectory>
        </configuration>
      </plugin>
    </plugins>
  </build>
  <profiles>
    <profile>
      <id>hudson-spice</id>
      <activation />
      <distributionManagement>
        <repository>
          <id>spice-deploy-release</id>
          <url>${repo-deploy-release}</url>
        </repository>
        <snapshotRepository>
          <uniqueVersion>false</uniqueVersion>
          <id>spice-deploy-snapshot</id>
          <url>${repo-deploy-snapshot}</url>
        </snapshotRepository>
      </distributionManagement>
      <repositories>
        <repository>
          <id>spice-central-release</id>
          <url>https://spice.socgen/nexus/content/groups/central-releases</url>
        </repository>
        <repository>
          <id>spice-central-snapshot</id>
          <url>https://spice.socgen/nexus/content/groups/central-snapshots</url>
        </repository>
      </repositories>
    </profile>
  </profiles>
</project>
