<?xml version="1.0" encoding="UTF-8"?>
<project xsi:schemaLocation="http://maven.apache.org/POM/4.0.0 https://maven.apache.org/xsd/maven-4.0.0.xsd" xmlns="http://maven.apache.org/POM/4.0.0"
    xmlns:xsi="http://www.w3.org/2001/XMLSchema-instance">
  <modelVersion>4.0.0</modelVersion>
  <parent>
    <groupId>com.socgen.eqc</groupId>
    <artifactId>eqc-parent</artifactId>
    <version>3.1.1-SNAPSHOT</version>
  </parent>
  <groupId>com.socgen.eqc</groupId>
  <artifactId>eqc-app</artifactId>
  <version>3.1.1-SNAPSHOT</version>
  <licenses>
    <license>
      <name>Apache License, Version 2.0</name>
      <url>https://www.apache.org/licenses/LICENSE-2.0</url>
    </license>
  </licenses>
  <properties>
    <swagger-parser.version>1.0.56</swagger-parser.version>
    <sonar.issue.ignore.multicriteria>e1</sonar.issue.ignore.multicriteria>
    <sonar.java.source>11</sonar.java.source>
    <sg-signin-jaxrs.version>1.10.0</sg-signin-jaxrs.version>
    <mapstruct.version>1.4.1.Final</mapstruct.version>
    <sonar.issue.ignore.multicriteria.e1.resourceKey>**/*.java</sonar.issue.ignore.multicriteria.e1.resourceKey>
    <sonar.coverage.jacoco.xmlReportPaths>${project.reporting.outputDirectory}/jacoco/jacoco.xml</sonar.coverage.jacoco.xmlReportPaths>
    <jacoco-maven-plugin.version>0.8.6</jacoco-maven-plugin.version>
    <sonar.issue.ignore.multicriteria.e1.ruleKey>java:S6212</sonar.issue.ignore.multicriteria.e1.ruleKey>
    <sonar.coverage.exclusions>**/*Dto*,**/dto/**,**/config/**,**/model/**,**/mapper/**,**/infrastructure/batch/**,**/utils/**</sonar.coverage.exclusions>
    <maven-failsafe-plugin.version>2.22.2</maven-failsafe-plugin.version>
    <code.coverage.project.folder>${basedir}/../</code.coverage.project.folder>
    <maven-surefire-plugin.version>2.22.2</maven-surefire-plugin.version>
    <swagger.jersey2.jaxrs.version>1.6.4</swagger.jersey2.jaxrs.version>
    <sg-signin-client-java.version>1.9.0</sg-signin-client-java.version>
    <sg-patrol.version>1.1.1</sg-patrol.version>
    <swagger.annotations.version>1.6.4</swagger.annotations.version>
    <sda-cdn-boot-metric-starter.version>1.2.3</sda-cdn-boot-metric-starter.version>
  </properties>
  <dependencies>
    <dependency>
      <groupId>org.springframework.boot</groupId>
      <artifactId>spring-boot-starter-web</artifactId>
      <exclusions>
        <exclusion>
          <groupId>org.springframework.boot</groupId>
          <artifactId>spring-boot-starter-logging</artifactId>
        </exclusion>
      </exclusions>
    </dependency>
    <dependency>
      <groupId>org.springframework.boot</groupId>
      <artifactId>spring-boot-starter-jersey</artifactId>
      <exclusions>
        <exclusion>
          <groupId>org.springframework.boot</groupId>
          <artifactId>spring-boot-starter-logging</artifactId>
        </exclusion>
      </exclusions>
    </dependency>
    <dependency>
      <groupId>org.springframework.boot</groupId>
      <artifactId>spring-boot-starter-actuator</artifactId>
    </dependency>
    <dependency>
      <groupId>com.socgen.digital.agence</groupId>
      <artifactId>sda-cdn-boot-metric-starter</artifactId>
      <version>${sda-cdn-boot-metric-starter.version}</version>
      <exclusions>
        <exclusion>
          <groupId>org.junit.jupiter</groupId>
          <artifactId>junit-jupiter-api</artifactId>
        </exclusion>
      </exclusions>
    </dependency>
    <dependency>
      <groupId>org.springframework.boot</groupId>
      <artifactId>spring-boot-starter-log4j2</artifactId>
    </dependency>
    <dependency>
      <groupId>org.springframework.boot</groupId>
      <artifactId>spring-boot-configuration-processor</artifactId>
    </dependency>
    <dependency>
      <groupId>org.springframework.boot</groupId>
      <artifactId>spring-boot-devtools</artifactId>
    </dependency>
    <dependency>
      <groupId>org.springframework.boot</groupId>
      <artifactId>spring-boot-starter-data-jpa</artifactId>
    </dependency>
    <dependency>
      <groupId>org.springframework.boot</groupId>
      <artifactId>spring-boot-starter-cache</artifactId>
    </dependency>
    <dependency>
      <groupId>com.hazelcast</groupId>
      <artifactId>hazelcast-all</artifactId>
      <version>4.2.2</version>
    </dependency>
    <dependency>
      <groupId>javax.cache</groupId>
      <artifactId>cache-api</artifactId>
    </dependency>
    <dependency>
      <groupId>org.springframework.boot</groupId>
      <artifactId>spring-boot-starter-batch</artifactId>
    </dependency>
    <dependency>
      <groupId>com.socgen.dga</groupId>
      <artifactId>sg-signin-jaxrs</artifactId>
      <version>${sg-signin-jaxrs.version}</version>
    </dependency>
    <dependency>
      <groupId>com.socgen.dga</groupId>
      <artifactId>sg-signin-client-java</artifactId>
      <version>${sg-signin-client-java.version}</version>
    </dependency>
    <dependency>
      <groupId>org.projectlombok</groupId>
      <artifactId>lombok</artifactId>
    </dependency>
    <dependency>
      <groupId>org.postgresql</groupId>
      <artifactId>postgresql</artifactId>
    </dependency>
    <dependency>
      <groupId>org.liquibase</groupId>
      <artifactId>liquibase-core</artifactId>
    </dependency>
    <dependency>
      <groupId>org.mapstruct</groupId>
      <artifactId>mapstruct-jdk8</artifactId>
      <version>${mapstruct.version}</version>
    </dependency>
    <dependency>
      <groupId>org.mapstruct</groupId>
      <artifactId>mapstruct</artifactId>
      <version>${mapstruct.version}</version>
    </dependency>
    <dependency>
      <groupId>org.mapstruct</groupId>
      <artifactId>mapstruct-processor</artifactId>
      <version>${mapstruct.version}</version>
      <scope>provided</scope>
    </dependency>
    <dependency>
      <groupId>io.swagger</groupId>
      <artifactId>swagger-annotations</artifactId>
      <version>${swagger.annotations.version}</version>
    </dependency>
    <dependency>
      <groupId>com.google.guava</groupId>
      <artifactId>guava</artifactId>
      <version>31.0.1-jre</version>
    </dependency>
    <dependency>
      <groupId>io.swagger</groupId>
      <artifactId>swagger-jersey2-jaxrs</artifactId>
      <version>${swagger.jersey2.jaxrs.version}</version>
      <exclusions>
        <exclusion>
          <groupId>com.google.guava</groupId>
          <artifactId>guava</artifactId>
        </exclusion>
      </exclusions>
    </dependency>
    <dependency>
      <groupId>io.swagger</groupId>
      <artifactId>swagger-parser</artifactId>
      <version>${swagger-parser.version}</version>
      <exclusions>
        <exclusion>
          <groupId>com.google.guava</groupId>
          <artifactId>guava</artifactId>
        </exclusion>
      </exclusions>
    </dependency>
    <dependency>
      <groupId>org.springframework.boot</groupId>
      <artifactId>spring-boot-starter-test</artifactId>
      <scope>test</scope>
    </dependency>
    <dependency>
      <groupId>org.hsqldb</groupId>
      <artifactId>hsqldb</artifactId>
      <scope>test</scope>
    </dependency>
    <dependency>
      <groupId>io.rest-assured</groupId>
      <artifactId>rest-assured</artifactId>
      <scope>test</scope>
    </dependency>
    <dependency>
      <groupId>org.springframework.batch</groupId>
      <artifactId>spring-batch-test</artifactId>
      <scope>test</scope>
    </dependency>
    <dependency>
      <groupId>org.apache.commons</groupId>
      <artifactId>commons-lang3</artifactId>
      <version>3.11</version>
    </dependency>
    <dependency>
      <groupId>io.specto</groupId>
      <artifactId>hoverfly-java-junit5</artifactId>
      <version>0.13.0</version>
      <scope>test</scope>
      <exclusions>
        <exclusion>
          <groupId>ch.qos.logback</groupId>
          <artifactId>logback-core</artifactId>
        </exclusion>
      </exclusions>
    </dependency>
    <dependency>
      <groupId>com.fasterxml.jackson.dataformat</groupId>
      <artifactId>jackson-dataformats-text</artifactId>
      <version>2.13.0</version>
      <type>pom</type>
      <scope>test</scope>
    </dependency>
    <dependency>
      <groupId>com.fasterxml.jackson.dataformat</groupId>
      <artifactId>jackson-dataformat-csv</artifactId>
      <version>2.13.0</version>
    </dependency>
    <dependency>
      <groupId>org.mockito</groupId>
      <artifactId>mockito-inline</artifactId>
      <version>4.0.0</version>
      <scope>test</scope>
    </dependency>
    <dependency>
      <groupId>com.socgen.dga</groupId>
      <artifactId>sg-patrol</artifactId>
      <version>${sg-patrol.version}</version>
      <scope>test</scope>
      <exclusions>
        <exclusion>
          <groupId>org.jboss.arquillian.container</groupId>
          <artifactId>arquillian-glassfish-embedded-3.1</artifactId>
        </exclusion>
        <exclusion>
          <groupId>org.mobicents.arquillian.container</groupId>
          <artifactId>mss-arquillian-lifecycle-extension</artifactId>
        </exclusion>
        <exclusion>
          <groupId>org.glassfish.main.extras</groupId>
          <artifactId>glassfish-embedded-all</artifactId>
        </exclusion>
      </exclusions>
    </dependency>
    <dependency>
      <groupId>com.googlecode.json-simple</groupId>
      <artifactId>json-simple</artifactId>
      <version>1.1</version>
    </dependency>
    <dependency>
      <groupId>com.google.code.gson</groupId>
      <artifactId>gson</artifactId>
      <version>2.8.5</version>
    </dependency>
  </dependencies>
  <build>
    <resources>
      <resource>
        <filtering>true</filtering>
        <directory>src/main/resources</directory>
        <includes>
          <include>**/*.yaml</include>
          <include>**/*.yml</include>
          <include>**/*.properties</include>
          <include>**/*.sql</include>
        </includes>
      </resource>
      <resource>
        <filtering>false</filtering>
        <directory>src/main/resources</directory>
        <excludes>
          <exclude>**/*.yaml</exclude>
          <exclude>**/*.yml</exclude>
          <exclude>**/*.properties</exclude>
          <exclude>**/*.sql</exclude>
        </excludes>
      </resource>
    </resources>
    <plugins>
      <plugin>
        <groupId>org.springframework.boot</groupId>
        <artifactId>spring-boot-maven-plugin</artifactId>
        <version>2.6.0</version>
        <executions>
          <execution>
            <goals>
              <goal>build-info</goal>
            </goals>
          </execution>
        </executions>
        <configuration>
          <profiles>
            <profile>local</profile>
          </profiles>
        </configuration>
      </plugin>
      <plugin>
        <artifactId>maven-resources-plugin</artifactId>
        <executions>
          <execution>
            <id>copy-resources</id>
            <phase>process-classes</phase>
            <goals>
              <goal>copy-resources</goal>
            </goals>
            <configuration>
              <outputDirectory>${project.build.directory}/classes/static</outputDirectory>
              <resources>
                <resource>
                  <directory>${project.parent.basedir}/eqc-front-react/build</directory>
                </resource>
              </resources>
            </configuration>
          </execution>
        </executions>
      </plugin>
      <plugin>
        <artifactId>maven-surefire-plugin</artifactId>
        <version>${maven-surefire-plugin.version}</version>
        <configuration>
          <argLine>${argLine} -Dfile.encoding=UTF-8 --illegal-access=permit -Xmx1024m</argLine>
          <runOrder>alphabetical</runOrder>
        </configuration>
      </plugin>
      <plugin>
        <artifactId>maven-failsafe-plugin</artifactId>
        <version>${maven-failsafe-plugin.version}</version>
        <configuration>
          <argLine>${argLine} -Dfile.encoding=UTF-8 --illegal-access=permit -Xmx1024m</argLine>
          <runOrder>alphabetical</runOrder>
        </configuration>
      </plugin>
      <plugin>
        <groupId>org.jacoco</groupId>
        <artifactId>jacoco-maven-plugin</artifactId>
        <version>${jacoco-maven-plugin.version}</version>
        <executions>
          <execution>
            <id>prepare-agent</id>
            <goals>
              <goal>prepare-agent</goal>
            </goals>
            <configuration>
              <propertyName>argLine</propertyName>
              <destFile>${project.build.directory}/jacoco-ut.exec</destFile>
            </configuration>
          </execution>
          <execution>
            <id>unit-test</id>
            <phase>test</phase>
            <goals>
              <goal>report</goal>
            </goals>
            <configuration>
              <dataFile>${project.build.directory}/jacoco-ut.exec</dataFile>
              <outputDirectory>${project.reporting.outputDirectory}/jacoco-ut-coverage-report</outputDirectory>
            </configuration>
          </execution>
          <execution>
            <id>before-integration-test</id>
            <phase>pre-integration-test</phase>
            <goals>
              <goal>prepare-agent</goal>
            </goals>
            <configuration>
              <destFile>${project.build.directory}/jacoco-it.exec</destFile>
              <propertyName>argLine</propertyName>
            </configuration>
          </execution>
          <execution>
            <id>after-integration-test</id>
            <phase>post-integration-test</phase>
            <goals>
              <goal>report</goal>
            </goals>
            <configuration>
              <dataFile>${project.build.directory}/jacoco-it.exec</dataFile>
              <outputDirectory>${project.reporting.outputDirectory}/jacoco-it-coverage-report</outputDirectory>
            </configuration>
          </execution>
          <execution>
            <id>merge-results</id>
            <phase>post-integration-test</phase>
            <goals>
              <goal>merge</goal>
            </goals>
            <configuration>
              <fileSets>
                <fileSet>
                  <directory>${project.build.directory}</directory>
                  <includes>
                    <include>jacoco-ut.exec</include>
                    <include>jacoco-it.exec</include>
                  </includes>
                </fileSet>
              </fileSets>
              <destFile>${project.build.directory}/jacoco.exec</destFile>
            </configuration>
          </execution>
          <execution>
            <id>create-merged-report</id>
            <phase>post-integration-test</phase>
            <goals>
              <goal>report</goal>
            </goals>
            <configuration>
              <dataFile>${project.build.directory}/jacoco.exec</dataFile>
              <outputDirectory>${project.reporting.outputDirectory}/jacoco</outputDirectory>
            </configuration>
          </execution>
        </executions>
        <configuration>
          <excludes>
            <exclude>**/domain/**</exclude>
            <exclude>**/model/**</exclude>
            <exclude>**/mapper/**</exclude>
            <exclude>**/*Dto*</exclude>
            <exclude>**/dto/**</exclude>
            <exclude>**/config/**</exclude>
            <exclude>**/infrastructure/batch/**</exclude>
            <exclude>**/utils/**</exclude>
          </excludes>
        </configuration>
      </plugin>
      <plugin>
        <groupId>org.liquibase</groupId>
        <artifactId>liquibase-maven-plugin</artifactId>
        <version>3.5.5</version>
        <dependencies>
          <dependency>
            <groupId>org.liquibase.ext</groupId>
            <artifactId>liquibase-hibernate4</artifactId>
            <version>3.5</version>
          </dependency>
          <dependency>
            <groupId>org.springframework</groupId>
            <artifactId>spring-beans</artifactId>
            <version>4.1.7.RELEASE</version>
          </dependency>
          <dependency>
            <groupId>org.springframework.data</groupId>
            <artifactId>spring-data-jpa</artifactId>
            <version>1.7.3.RELEASE</version>
          </dependency>
        </dependencies>
        <configuration>
          <propertyFile>src/main/resources/liquibase.properties</propertyFile>
        </configuration>
      </plugin>
      <plugin>
        <artifactId>maven-compiler-plugin</artifactId>
        <version>3.8.1</version>
        <configuration>
          <source>11</source>
          <target>11</target>
        </configuration>
      </plugin>
    </plugins>
  </build>
</project>
