<?xml version="1.0" encoding="UTF-8"?>
<Configuration status="FATAL">
    <Appenders>
        <Console name="Console" target="SYSTEM_OUT" ignoreExceptions="true">
            <PatternLayout
                    pattern="%style{%d{yyyy-MM-dd HH:mm:ss.SSS}}{dim} %highlight{%5p} %magenta{${sys:PID}} --- %style{[%15.15t]}{dim} %style{%-40.40c{1.}}{dim, cyan} %style{%X}{dim} %style{:}{dim} %msg%n"/>
        </Console>

        <RollingRandomAccessFile name="AppRollingFile" fileName="${sys:user.home}/logs/app.log"
                                 filePattern="${sys:user.home}/logs/${date:yyyy-MM}/app-%d{yyyy-MM-dd}-%i.log.gz">
            <PatternLayout>
                <Pattern>%d %p %c{1.} %X [%t] %m%n</Pattern>
            </PatternLayout>
            <Policies>
                <TimeBasedTriggeringPolicy/>
                <SizeBasedTriggeringPolicy size="50 MB"/>
            </Policies>
            <DefaultRolloverStrategy>
                <Delete basePath="${sys:user.home}/logs" maxDepth="2">
                    <IfFileName glob="*/app-*.log{.gz,}">
                        <IfAccumulatedFileSize exceeds="1 GB"/>
                    </IfFileName>
                </Delete>
            </DefaultRolloverStrategy>
        </RollingRandomAccessFile>

        <RollingRandomAccessFile name="MetricsRollingFile" fileName="${sys:user.home}/logs/metrics.log"
                                 filePattern="${sys:user.home}/logs/metrics-%d{yyyy-MM-dd}-%i.log"
                                 ignoreExceptions="false">
            <PatternLayout>
                <pattern>%d %p %c{1.} %X [%t] %m%n</pattern>
            </PatternLayout>
            <Policies>
                <TimeBasedTriggeringPolicy/>  <!-- chaque jours -->
                <SizeBasedTriggeringPolicy size="30 MB"/>
            </Policies>
            <DefaultRolloverStrategy max="30"/>  <!-- supprimer fichier log apres 30 rolling -->
        </RollingRandomAccessFile>

        <Syslog name="MetricsSyslogAppenderTcp" format="RFC5424" host="localhost" port="4504"
                protocol="TCP" mdcId="dgaCtx" appName="a5340_eqc" includeMDC="true" newLine="true" newLineEscape=" &#9;"
                messageId="metrics" enterpriseNumber="10" ignoreExceptions="false" immediateFlush="true"
                exceptionPattern="%ex{full}{separator( )}" reconnectionDelayMillis="5000" connectTimeoutMillis="10000">
            <LoggerFields>
                <KeyValuePair key="msg-format" value="json"/>
                <KeyValuePair key="package" value="%c{1.}"/>
                <KeyValuePair key="level" value="%level"/>
            </LoggerFields>
        </Syslog>

        <Syslog name="AppSyslogAppenderTcp" format="RFC5424" host="localhost" port="4504"
                protocol="TCP" mdcId="dgaCtx" appName="a5340_eqc" includeMDC="true" newLine="true" newLineEscape=" &#9;"
                messageId="apps" enterpriseNumber="10" ignoreExceptions="false" immediateFlush="true"
                exceptionPattern="%ex{full}{separator( )}" reconnectionDelayMillis="5000" connectTimeoutMillis="10000">
            <LoggerFields>
                <KeyValuePair key="msg-format" value="plain"/>
                <KeyValuePair key="package" value="%c{1.}"/>
                <KeyValuePair key="level" value="%level"/>
            </LoggerFields>
        </Syslog>

        <Failover name="MetricsFailoverAppender" primary="MetricsSyslogAppenderTcp" ignoreExceptions="true">
            <Failovers>
                <AppenderRef ref="MetricsRollingFile"/>
            </Failovers>
        </Failover>

        <Failover name="AppSyslogFailover" primary="AppSyslogAppenderTcp" ignoreExceptions="true">
            <Failovers>
                <AppenderRef ref="AppRollingFile"/>
            </Failovers>
        </Failover>

    </Appenders>

    <Loggers>

        <Logger name="metrics" level="INFO" additivity="false">
            <!-- Pas d'intérêt d'avoir les metrics en dehors de la chaîne Syslog -->
            <AppenderRef ref="MetricsFailoverAppender"/>
        </Logger>

        <!--
            Pour changer le niveau, démarrer l'appli avec
            -Dlog.level=DEBUG pour changer le niveau root
            Si rien, par défaut INFO
        -->
        <Root level="${sys:log.level:-INFO}">
            <!--
                Démarrer l'appli avec
                -Dlog.appender=RollingFile pour une conf fichier seulement
                -Dlog.appender=Console pour une conf console seulement
                -Dlog.appender=SysLogFailoverTcp pour la conf syslog,
            Si rien, par défaut Console
            -->
            <AppenderRef ref="Console" level="DEBUG"/>
            <AppenderRef ref="AppSyslogFailover"/>
        </Root>
    </Loggers>
</Configuration>
