[
  {
    "code": "ACT-1",
    "libelle": "libAct",
    "libelleLong": "libLonAct",
    "isActive": true,
    "tetePerimetre": {
      "code": "codeTetP",
      "libelle": "libTet"
    },
    "createdBy": "X178253 ",
    "active": true

  },
  {
    "code": "ACT-2",
    "libelle": "libAct2",
    "libelleLong": "libLonAct2",
    "isActive": true,
    "tetePerimetre": {
      "code": "codeTetP2",
      "libelle": "libTet2"
    }

  },
  {
    "code": "ACT-3",
    "libelle": "libAct3",
    "libelleLong": "libLonAct3",
    "isActive": true,
    "tetePerimetre": {
      "code": "codeTetP3",
      "libelle": "libTet3"
    }

  },
  {
    "code": "ACT-4",
    "libelle": "PSC OPE CLICOM4",
    "libelleLong": "lib long4",
    "isActive": true,
    "tetePerimetre": {
      "code": "codeTetP4",
      "libelle": "libTet4"
    }
  }
]