[
  {
    "code": "TRA11",
    "libelle": "Supervision Managériale",
    "libelleLong": "Transverse - Supervision Managériale",
    "tetePerimetre": {
      "code": "3000350986",
      "libelle": "PSC OPE CLICOM"
    },
    "createdBy": "X178253 ",
    "active": true
  },
  {
    "code": "TRA12",
    "libelle": "Accueil Téléphonique",
    "libelleLong": "Transverse - Accueil Téléphonique",
    "tetePerimetre": {
      "code": "3000350986",
      "libelle": "PSC OPE CLICOM"
    },
    "createdBy": "X178253 ",
    "active": true
  },
  {
    "code": "TRA13",
    "libelle": "BAL Générique",
    "libelleLong": "Transverse - BAL Générique",
    "tetePerimetre": {
      "code": "3000350986",
      "libelle": "PSC OPE CLICOM"
    },
    "createdBy": "X178253 ",
    "active": true
  },
  {
    "code": "TRA14",
    "libelle": "RST",
    "libelleLong": "Transverse - RST",
    "tetePerimetre": {
      "code": "3000350986",
      "libelle": "PSC OPE CLICOM"
    },
    "createdBy": "X178253 ",
    "active": true
  },
  {
    "code": "TRA15",
    "libelle": "RDO",
    "libelleLong": "Transverse - RDO",
    "tetePerimetre": {
      "code": "3000350986",
      "libelle": "PSC OPE CLICOM"
    },
    "createdBy": "X178253 ",
    "active": true
  },
  {
    "code": "OPE01",
    "libelle": "Certificat de dépôt de capital ",
    "libelleLong": "Autres activités - Certificat de dépôt de capital ",
    "tetePerimetre": {
      "code": "3000350986",
      "libelle": "PSC OPE CLICOM"
    },
    "createdBy": "X178253 ",
    "active": true
  },
  {
    "code": "OPE02",
    "libelle": "Audits (circularisations)",
    "libelleLong": "Audits (circularisations) - Audit (circularisations)",
    "tetePerimetre": {
      "code": "3000350986",
      "libelle": "PSC OPE CLICOM"
    },
    "createdBy": "X178253 ",
    "active": true
  },
  {
    "code": "OPE03",
    "libelle": "Procédure collective",
    "libelleLong": "Dénonciation / Précontentieux - Procédure collective",
    "tetePerimetre": {
      "code": "3000350986",
      "libelle": "PSC OPE CLICOM"
    },
    "createdBy": "X178253 ",
    "active": true
  },
  {
    "code": "OPE04",
    "libelle": "Lettre à 60 jours",
    "libelleLong": "Dénonciation / Précontentieux - Lettre à 60 jours",
    "tetePerimetre": {
      "code": "3000350986",
      "libelle": "PSC OPE CLICOM"
    },
    "createdBy": "X178253 ",
    "active": true
  },
  {
    "code": "OPE05",
    "libelle": "Dossier de recouvrement PRO VP",
    "libelleLong": "Dénonciation / Précontentieux - Dossier de recouvrement PRO VP",
    "tetePerimetre": {
      "code": "3000350986",
      "libelle": "PSC OPE CLICOM"
    },
    "createdBy": "X178253 ",
    "active": true
  },
  {
    "code": "OPE06",
    "libelle": "Rupture de la relation / PRO COM",
    "libelleLong": "Dénonciation / Précontentieux - Rupture de la relation/ PRO COM",
    "tetePerimetre": {
      "code": "3000350986",
      "libelle": "PSC OPE CLICOM"
    },
    "createdBy": "X178253 ",
    "active": true
  },
  {
    "code": "OPE07",
    "libelle": "Revue KYC (Hors Harmonie)",
    "libelleLong": "KYC - Revue KYC (Hors Harmonie)",
    "tetePerimetre": {
      "code": "3000350986",
      "libelle": "PSC OPE CLICOM"
    },
    "createdBy": "X178253 ",
    "active": true
  },
  {
    "code": "OPE08",
    "libelle": "Revue KYC PRO/COM",
    "libelleLong": "KYC - Revue KYC PRO/COM",
    "tetePerimetre": {
      "code": "3000350986",
      "libelle": "PSC OPE CLICOM"
    },
    "createdBy": "X178253 ",
    "active": true
  },
  {
    "code": "OPE09",
    "libelle": "Fiche de délégation ",
    "libelleLong": "KYC - Fiche de délégation",
    "tetePerimetre": {
      "code": "3000350986",
      "libelle": "PSC OPE CLICOM"
    },
    "createdBy": "X178253 ",
    "active": true
  },
  {
    "code": "OPE10",
    "libelle": "MAJ de conditions",
    "libelleLong": "Conditions - MAJ de conditions ",
    "tetePerimetre": {
      "code": "3000350986",
      "libelle": "PSC OPE CLICOM"
    },
    "createdBy": "X178253 ",
    "active": true
  },
  {
    "code": "OPE11",
    "libelle": "Cahier des conditions",
    "libelleLong": "Conditions - Cahier des conditions",
    "tetePerimetre": {
      "code": "3000350986",
      "libelle": "PSC OPE CLICOM"
    },
    "createdBy": "X178253 ",
    "active": true
  },
  {
    "code": "OPE12",
    "libelle": "Rétrocession PERLA",
    "libelleLong": "Conditions - Rétrocession PERLA",
    "tetePerimetre": {
      "code": "3000350986",
      "libelle": "PSC OPE CLICOM"
    },
    "createdBy": "X178253 ",
    "active": true
  },
  {
    "code": "OPE13",
    "libelle": "Forfaits",
    "libelleLong": "Conditions - Forfaits",
    "tetePerimetre": {
      "code": "3000350986",
      "libelle": "PSC OPE CLICOM"
    },
    "createdBy": "X178253 ",
    "active": true
  },
  {
    "code": "OPE14",
    "libelle": "ACE",
    "libelleLong": "Conditions - ACE",
    "tetePerimetre": {
      "code": "3000350986",
      "libelle": "PSC OPE CLICOM"
    },
    "createdBy": "X178253 ",
    "active": true
  },
  {
    "code": "OPE15",
    "libelle": "Conditions multiples",
    "libelleLong": "Conditions - Conditions multiples",
    "tetePerimetre": {
      "code": "3000350986",
      "libelle": "PSC OPE CLICOM"
    },
    "createdBy": "X178253 ",
    "active": true
  },
  {
    "code": "OPE16",
    "libelle": "Mise à jour/ campagnes ACE",
    "libelleLong": "Conditions - Mise à jour / campagnes",
    "tetePerimetre": {
      "code": "3000350986",
      "libelle": "PSC OPE CLICOM"
    },
    "createdBy": "X178253 ",
    "active": true
  },
  {
    "code": "OPE17",
    "libelle": "Mise à jour juridique",
    "libelleLong": "Mise à jour du dossier client -  Mise à jour juridique",
    "tetePerimetre": {
      "code": "3000350986",
      "libelle": "PSC OPE CLICOM"
    },
    "createdBy": "X178253 ",
    "active": true
  },
  {
    "code": "OPE18",
    "libelle": "Pouvoirs",
    "libelleLong": "Mise à jour du dossier client - Pouvoirs",
    "tetePerimetre": {
      "code": "3000350986",
      "libelle": "PSC OPE CLICOM"
    },
    "createdBy": "X178253 ",
    "active": true
  },
  {
    "code": "OPE19",
    "libelle": "Mises à jour juridiques multiples",
    "libelleLong": "Mise à jour du dossier client -  Mises à jour juridiques multiples",
    "tetePerimetre": {
      "code": "3000350986",
      "libelle": "PSC OPE CLICOM"
    },
    "createdBy": "X178253 ",
    "active": true
  },
  {
    "code": "OPE20",
    "libelle": "Pouvoirs multiples",
    "libelleLong": "Mise à jour du dossier client -  Pouvoirs multiples",
    "tetePerimetre": {
      "code": "3000350986",
      "libelle": "PSC OPE CLICOM"
    },
    "createdBy": "X178253 ",
    "active": true
  },
  {
    "code": "OPE21",
    "libelle": "Monétique",
    "libelleLong": "Monétique / Télématique - Monétique",
    "tetePerimetre": {
      "code": "3000350986",
      "libelle": "PSC OPE CLICOM"
    },
    "createdBy": "X178253 ",
    "active": true
  },
  {
    "code": "OPE22",
    "libelle": "Télématique",
    "libelleLong": "Monétique / Télématique -Télématique",
    "tetePerimetre": {
      "code": "3000350986",
      "libelle": "PSC OPE CLICOM"
    },
    "createdBy": "X178253 ",
    "active": true
  },
  {
    "code": "OPE23",
    "libelle": "Compte secondaire",
    "libelleLong": "Ouverture de compte -  Compte secondaire",
    "tetePerimetre": {
      "code": "3000350986",
      "libelle": "PSC OPE CLICOM"
    },
    "createdBy": "X178253 ",
    "active": true
  },
  {
    "code": "OPE24",
    "libelle": "Compte capital",
    "libelleLong": "Ouverture de compte -  Compte capital",
    "tetePerimetre": {
      "code": "3000350986",
      "libelle": "PSC OPE CLICOM"
    },
    "createdBy": "X178253 ",
    "active": true
  },
  {
    "code": "OPE25",
    "libelle": "Compte chantier ",
    "libelleLong": "Ouverture de compte -  Compte chantier ",
    "tetePerimetre": {
      "code": "3000350986",
      "libelle": "PSC OPE CLICOM"
    },
    "createdBy": "X178253 ",
    "active": true
  },
  {
    "code": "OPE26",
    "libelle": "Compte séquestre",
    "libelleLong": "Ouverture de compte -  Compte séquestre",
    "tetePerimetre": {
      "code": "3000350986",
      "libelle": "PSC OPE CLICOM"
    },
    "createdBy": "X178253 ",
    "active": true
  },
  {
    "code": "OPE27",
    "libelle": "EER PRO (Hors Harmonie)",
    "libelleLong": "Ouverture de compte -  EER PRO (Hors Harmonie)",
    "tetePerimetre": {
      "code": "3000350986",
      "libelle": "PSC OPE CLICOM"
    },
    "createdBy": "X178253 ",
    "active": true
  },
  {
    "code": "OPE28",
    "libelle": "Fusion",
    "libelleLong": "Vie du compte -  Fusion",
    "tetePerimetre": {
      "code": "3000350986",
      "libelle": "PSC OPE CLICOM"
    },
    "createdBy": "X178253 ",
    "active": true
  },
  {
    "code": "OPE29",
    "libelle": "TUP",
    "libelleLong": "Vie du compte -  TUP",
    "tetePerimetre": {
      "code": "3000350986",
      "libelle": "PSC OPE CLICOM"
    },
    "createdBy": "X178253 ",
    "active": true
  },
  {
    "code": "OPE30",
    "libelle": "Contraction",
    "libelleLong": "Vie du compte -  Contraction",
    "tetePerimetre": {
      "code": "3000350986",
      "libelle": "PSC OPE CLICOM"
    },
    "createdBy": "X178253 ",
    "active": true
  },
  {
    "code": "OPE31",
    "libelle": "Transfert de prestations",
    "libelleLong": "Vie du compte -   Transfert de prestations",
    "tetePerimetre": {
      "code": "3000350986",
      "libelle": "PSC OPE CLICOM"
    },
    "createdBy": "X178253 ",
    "active": true
  },
  {
    "code": "OPE32",
    "libelle": "Clôture",
    "libelleLong": "Vie du compte - Clôture",
    "tetePerimetre": {
      "code": "3000350986",
      "libelle": "PSC OPE CLICOM"
    },
    "createdBy": "X178253 ",
    "active": true
  },
  {
    "code": "OPE33",
    "libelle": "Lettre chèque ",
    "libelleLong": "Vie du compte - Lettre chèque",
    "tetePerimetre": {
      "code": "3000350986",
      "libelle": "PSC OPE CLICOM"
    },
    "createdBy": "X178253 ",
    "active": true
  },
  {
    "code": "OPE34",
    "libelle": "Ordre de bourse",
    "libelleLong": "Placement de la trésorerie du client - Ordre de bourse",
    "tetePerimetre": {
      "code": "3000350986",
      "libelle": "PSC OPE CLICOM"
    },
    "createdBy": "X178253 ",
    "active": true
  },
  {
    "code": "OPE35",
    "libelle": "CAT",
    "libelleLong": "Placement de la trésorerie du client - CAT",
    "tetePerimetre": {
      "code": "3000350986",
      "libelle": "PSC OPE CLICOM"
    },
    "createdBy": "X178253 ",
    "active": true
  },
  {
    "code": "OPE36",
    "libelle": "Gestion de la trésorerie",
    "libelleLong": "Placement de la trésorerie du client - Gestion de la trésorerie",
    "tetePerimetre": {
      "code": "3000350986",
      "libelle": "PSC OPE CLICOM"
    },
    "createdBy": "X178253 ",
    "active": true
  },
  {
    "code": "OPE37",
    "libelle": "Transferts",
    "libelleLong": "Placement de la trésorerie du client - Transferts",
    "tetePerimetre": {
      "code": "3000350986",
      "libelle": "PSC OPE CLICOM"
    },
    "createdBy": "X178253 ",
    "active": true
  },
  {
    "code": "OPE38",
    "libelle": "Traitement DEJ",
    "libelleLong": "Activités spécifiques - Traitement DEJ",
    "tetePerimetre": {
      "code": "3000350986",
      "libelle": "PSC OPE CLICOM"
    },
    "createdBy": "X178253 ",
    "active": true
  },
  {
    "code": "OPE39",
    "libelle": "Facturation manuelle produits spécifiques",
    "libelleLong": "Vie du compte -  Facturation manuelle produits spécifiques",
    "tetePerimetre": {
      "code": "3000350986",
      "libelle": "PSC OPE CLICOM"
    },
    "createdBy": "X178253 ",
    "active": true
  },
  {
    "code": "OPE40",
    "libelle": "Entrée en relation CLICOM",
    "libelleLong": "EER -  Entrée en relation CLICOM",
    "tetePerimetre": {
      "code": "3000350986",
      "libelle": "PSC OPE CLICOM"
    },
    "createdBy": "X178253 ",
    "active": true
  },
  {
    "code": "OPE41",
    "libelle": "Entrée en relation CLICOM  Digitalisée",
    "libelleLong": "EER - Entrée en relation CLICOM  Digitalisée",
    "tetePerimetre": {
      "code": "3000350986",
      "libelle": "PSC OPE CLICOM"
    },
    "createdBy": "X178253 ",
    "active": true
  },
  {
    "code": "OPE42",
    "libelle": "Entrée en relation CLIPRO",
    "libelleLong": "EER -  Entrée en relation CLIPRO",
    "tetePerimetre": {
      "code": "3000350986",
      "libelle": "PSC OPE CLICOM"
    },
    "createdBy": "X178253 ",
    "active": true
  },
  {
    "code": "OPE43",
    "libelle": "Entrée en relation CLIPRO - Compte de capital",
    "libelleLong": "EER - Entrée en relation CLIPRO - Compte de capital",
    "tetePerimetre": {
      "code": "3000350986",
      "libelle": "PSC OPE CLICOM"
    },
    "createdBy": "X178253 ",
    "active": true
  },
  {
    "code": "CRI01",
    "libelle": "Analyse Nouveau Dossier ",
    "libelleLong": "Octroi PPI - Analyse Nouveau Dossier",
    "tetePerimetre": {
      "code": "3000350988",
      "libelle": "PSC CRE CLIPRI"
    },
    "createdBy": "X178253 ",
    "active": true
  },
  {
    "code": "CRI22",
    "libelle": "Analyse Retour Dossier ",
    "libelleLong": "Octroi PPI - Analyse Retour Dossier",
    "tetePerimetre": {
      "code": "3000350988",
      "libelle": "PSC CRE CLIPRI"
    },
    "createdBy": "X178253 ",
    "active": true
  },
  {
    "code": "CRI23",
    "libelle": "Emission Offres",
    "libelleLong": "Octroi PPI - Emission Offres",
    "tetePerimetre": {
      "code": "3000350988",
      "libelle": "PSC CRE CLIPRI"
    },
    "createdBy": "X178253 ",
    "active": true
  },
  {
    "code": "CRI02",
    "libelle": "Retour Offres",
    "libelleLong": "Ocoitr PPI - Retour Offres",
    "tetePerimetre": {
      "code": "3000350988",
      "libelle": "PSC CRE CLIPRI"
    },
    "createdBy": "X178253 ",
    "active": true
  },
  {
    "code": "CRI03",
    "libelle": "Qualification, Décaissement Facture",
    "libelleLong": "Octroi PPI - Qualification, Décaissement Facture",
    "tetePerimetre": {
      "code": "3000350988",
      "libelle": "PSC CRE CLIPRI"
    },
    "createdBy": "X178253 ",
    "active": true
  },
  {
    "code": "CRI24",
    "libelle": "Qualification Notaire",
    "libelleLong": "Octroi PPI - Qualification Notaire",
    "tetePerimetre": {
      "code": "3000350988",
      "libelle": "PSC CRE CLIPRI"
    },
    "createdBy": "X178253 ",
    "active": true
  },
  {
    "code": "CRI25",
    "libelle": "Décaissement Notaire",
    "libelleLong": "Octroi PPI - Décaissement Notaire",
    "tetePerimetre": {
      "code": "3000350988",
      "libelle": "PSC CRE CLIPRI"
    },
    "createdBy": "X178253 ",
    "active": true
  },
  {
    "code": "CRI04",
    "libelle": "Prêts CHF",
    "libelleLong": "CHF - Prêts CHF",
    "tetePerimetre": {
      "code": "3000350988",
      "libelle": "PSC CRE CLIPRI"
    },
    "createdBy": "X178253 ",
    "active": true
  },
  {
    "code": "CRI05",
    "libelle": "Règlements Factures prescripteurs",
    "libelleLong": "Divers Crédit - Règlement factures prescripteurs ",
    "tetePerimetre": {
      "code": "3000350988",
      "libelle": "PSC CRE CLIPRI"
    },
    "createdBy": "X178253 ",
    "active": true
  },
  {
    "code": "CRI06",
    "libelle": "Audit",
    "libelleLong": "Divers Crédit - Audit",
    "tetePerimetre": {
      "code": "3000350988",
      "libelle": "PSC CRE CLIPRI"
    },
    "createdBy": "X178253 ",
    "active": true
  },
  {
    "code": "CRI07",
    "libelle": "Copies exécutoires IGDS",
    "libelleLong": "Divers Crédit - Saisie des copies exécutoires dans IGDS",
    "tetePerimetre": {
      "code": "3000350988",
      "libelle": "PSC CRE CLIPRI"
    },
    "createdBy": "X178253 ",
    "active": true
  },
  {
    "code": "CRI08",
    "libelle": "Renégociations émissions avenants",
    "libelleLong": "Evénements Standards - Renégociations émissions avenants",
    "tetePerimetre": {
      "code": "3000350988",
      "libelle": "PSC CRE CLIPRI"
    },
    "createdBy": "X178253 ",
    "active": true
  },
  {
    "code": "CRI26",
    "libelle": "Renégociations retours avenants",
    "libelleLong": "Evénements Standards - Renégociations retours avenants",
    "tetePerimetre": {
      "code": "3000350988",
      "libelle": "PSC CRE CLIPRI"
    },
    "createdBy": "X178253 ",
    "active": true
  },
  {
    "code": "CRI09",
    "libelle": "Remboursements Anticipés",
    "libelleLong": "Evénements Standards - Remboursements Anticipés ",
    "tetePerimetre": {
      "code": "3000350988",
      "libelle": "PSC CRE CLIPRI"
    },
    "createdBy": "X178253 ",
    "active": true
  },
  {
    "code": "CRI10",
    "libelle": "Traitement des impayés CRELOG",
    "libelleLong": "Evénements Standards - Traitement des impayés CRELOG",
    "tetePerimetre": {
      "code": "3000350988",
      "libelle": "PSC CRE CLIPRI"
    },
    "createdBy": "X178253 ",
    "active": true
  },
  {
    "code": "CRI11",
    "libelle": "Mainlevée Hypothèque",
    "libelleLong": "Evénements Standards - Mainlevée Hypothèque ",
    "tetePerimetre": {
      "code": "3000350988",
      "libelle": "PSC CRE CLIPRI"
    },
    "createdBy": "X178253 ",
    "active": true
  },
  {
    "code": "CRI12",
    "libelle": "Désolidarisations",
    "libelleLong": "Evénements Complexes - Désolidarisations ",
    "tetePerimetre": {
      "code": "3000350988",
      "libelle": "PSC CRE CLIPRI"
    },
    "createdBy": "X178253 ",
    "active": true
  },
  {
    "code": "CRI13",
    "libelle": "Transferts Prêts",
    "libelleLong": "Evénements Complexes - Transfert de Prêts",
    "tetePerimetre": {
      "code": "3000350988",
      "libelle": "PSC CRE CLIPRI"
    },
    "createdBy": "X178253 ",
    "active": true
  },
  {
    "code": "CRI14",
    "libelle": "Gest.Assur. / Modif.Garantie - Emissions avenants",
    "libelleLong": "Evénements Complexes - Gest.Assur. / Modif.Garantie - Emissions avenants",
    "tetePerimetre": {
      "code": "3000350988",
      "libelle": "PSC CRE CLIPRI"
    },
    "createdBy": "X178253 ",
    "active": true
  },
  {
    "code": "CRI27",
    "libelle": "Gest. Assur./ Modif.Garantie - Retours avenants",
    "libelleLong": "Evénements Complexes - Gest. Assur./ Modif.Garantie - Retours avenants",
    "tetePerimetre": {
      "code": "3000350988",
      "libelle": "PSC CRE CLIPRI"
    },
    "createdBy": "X178253 ",
    "active": true
  },
  {
    "code": "CRI15",
    "libelle": "Recouvrement PRI/PRO VD",
    "libelleLong": "Evénements Complexes - Recouvrement PRI/PRO VD",
    "tetePerimetre": {
      "code": "3000350988",
      "libelle": "PSC CRE CLIPRI"
    },
    "createdBy": "X178253 ",
    "active": true
  },
  {
    "code": "CRI16",
    "libelle": "Ouverture Avances Pat. / DCS",
    "libelleLong": "Avances Pat. /DCS - Ouverture Avances Pat. / DCS",
    "tetePerimetre": {
      "code": "3000350988",
      "libelle": "PSC CRE CLIPRI"
    },
    "createdBy": "X178253 ",
    "active": true
  },
  {
    "code": "CRI17",
    "libelle": "Cautions PRI",
    "libelleLong": "Cautions émises - Cautions PRI",
    "tetePerimetre": {
      "code": "3000350988",
      "libelle": "PSC CRE CLIPRI"
    },
    "createdBy": "X178253 ",
    "active": true
  },
  {
    "code": "CRI18",
    "libelle": "Ouverture Sinistres DCITT",
    "libelleLong": "Sinitres PRI - Ouverture Sinistres DCITT",
    "tetePerimetre": {
      "code": "3000350988",
      "libelle": "PSC CRE CLIPRI"
    },
    "createdBy": "X178253 ",
    "active": true
  },
  {
    "code": "CRI19",
    "libelle": "Conformité Crédit Conso",
    "libelleLong": "Crédit Conso - Conformité Crédit Conso",
    "tetePerimetre": {
      "code": "3000350988",
      "libelle": "PSC CRE CLIPRI"
    },
    "createdBy": "X178253 ",
    "active": true
  },
  {
    "code": "CRI28",
    "libelle": "Demandes CPI",
    "libelleLong": "Demandes CPI ",
    "tetePerimetre": {
      "code": "3000350988",
      "libelle": "PSC CRE CLIPRI"
    },
    "createdBy": "X178253 ",
    "active": true
  },
  {
    "code": "TRA06",
    "libelle": "Supervision Managériale",
    "libelleLong": "Transverse - Supervision Managériale",
    "tetePerimetre": {
      "code": "3000350988",
      "libelle": "PSC CRE CLIPRI"
    },
    "createdBy": "X178253 ",
    "active": true
  },
  {
    "code": "TRA07",
    "libelle": "Accueil Téléphonique",
    "libelleLong": "Transverse - Accueil Téléphonique",
    "tetePerimetre": {
      "code": "3000350988",
      "libelle": "PSC CRE CLIPRI"
    },
    "createdBy": "X178253 ",
    "active": true
  },
  {
    "code": "TRA08",
    "libelle": "BAL Générique",
    "libelleLong": "Transverse - BAL Générique",
    "tetePerimetre": {
      "code": "3000350988",
      "libelle": "PSC CRE CLIPRI"
    },
    "createdBy": "X178253 ",
    "active": true
  },
  {
    "code": "TRA09",
    "libelle": "RST et correspondant Prêts Immobiliers",
    "libelleLong": "Transverse - RST et correspondant Prêts Immobiliers",
    "tetePerimetre": {
      "code": "3000350988",
      "libelle": "PSC CRE CLIPRI"
    },
    "createdBy": "X178253 ",
    "active": true
  },
  {
    "code": "TRA10",
    "libelle": "RDO",
    "libelleLong": "Transverse - RDO",
    "tetePerimetre": {
      "code": "3000350988",
      "libelle": "PSC CRE CLIPRI"
    },
    "createdBy": "X178253 ",
    "active": true
  },
  {
    "code": "OPI01",
    "libelle": "Ajustages Automates",
    "libelleLong": "Espèces - Ajustages Automates",
    "tetePerimetre": {
      "code": "3000350989",
      "libelle": "PSC OPE CLIPRI"
    },
    "createdBy": "X178253 ",
    "active": true
  },
  {
    "code": "OPI50",
    "libelle": "Gestion DRM ",
    "libelleLong": "Espèces - Gestion DRM",
    "tetePerimetre": {
      "code": "3000350989",
      "libelle": "PSC OPE CLIPRI"
    },
    "createdBy": "X178253 ",
    "active": true
  },
  {
    "code": "OPI02",
    "libelle": "Gestion Billets",
    "libelleLong": "Espèces - Gestion Billets",
    "tetePerimetre": {
      "code": "3000350989",
      "libelle": "PSC OPE CLIPRI"
    },
    "createdBy": "X178253 ",
    "active": true
  },
  {
    "code": "OPI03",
    "libelle": "Récla.Clients/Versement Coffre Tirelire",
    "libelleLong": "Espèces - Récla.Clients/Versement Coffre Tirelire",
    "tetePerimetre": {
      "code": "3000350989",
      "libelle": "PSC OPE CLIPRI"
    },
    "createdBy": "X178253 ",
    "active": true
  },
  {
    "code": "OPI04",
    "libelle": "Récla.Clients/Versement Espèces",
    "libelleLong": "Espèces - Récla.Clients/Versement Espèces",
    "tetePerimetre": {
      "code": "3000350989",
      "libelle": "PSC OPE CLIPRI"
    },
    "createdBy": "X178253 ",
    "active": true
  },
  {
    "code": "OPI51",
    "libelle": "Inventaires permanents",
    "libelleLong": "Espèces - Inventaires permanents",
    "tetePerimetre": {
      "code": "3000350989",
      "libelle": "PSC OPE CLIPRI"
    },
    "createdBy": "X178253 ",
    "active": true
  },
  {
    "code": "OPI52",
    "libelle": "Gestion des commandes",
    "libelleLong": "Espèces - Gestion des commandes",
    "tetePerimetre": {
      "code": "3000350989",
      "libelle": "PSC OPE CLIPRI"
    },
    "createdBy": "X178253 ",
    "active": true
  },
  {
    "code": "OPI06",
    "libelle": "Opposition Chèques",
    "libelleLong": "Chèques - Opposition Chèques",
    "tetePerimetre": {
      "code": "3000350989",
      "libelle": "PSC OPE CLIPRI"
    },
    "createdBy": "X178253 ",
    "active": true
  },
  {
    "code": "OPI07",
    "libelle": "Régularisation BDF",
    "libelleLong": "Chèques - Régularisation BDF",
    "tetePerimetre": {
      "code": "3000350989",
      "libelle": "PSC OPE CLIPRI"
    },
    "createdBy": "X178253 ",
    "active": true
  },
  {
    "code": "OPI08",
    "libelle": "Retours impayés remises de chèques",
    "libelleLong": "Chèques - Retours impayés remises de chèques",
    "tetePerimetre": {
      "code": "3000350989",
      "libelle": "PSC OPE CLIPRI"
    },
    "createdBy": "X178253 ",
    "active": true
  },
  {
    "code": "OPI09",
    "libelle": "Lettres de garantie émises",
    "libelleLong": "Chèques - Lettres de garantie émises",
    "tetePerimetre": {
      "code": "3000350989",
      "libelle": "PSC OPE CLIPRI"
    },
    "createdBy": "X178253 ",
    "active": true
  },
  {
    "code": "OPI10",
    "libelle": "Lettres de garantie reçues",
    "libelleLong": "Chèques - Lettres de garantie reçues",
    "tetePerimetre": {
      "code": "3000350989",
      "libelle": "PSC OPE CLIPRI"
    },
    "createdBy": "X178253 ",
    "active": true
  },
  {
    "code": "OPI11",
    "libelle": "Isolement Provisions",
    "libelleLong": "Chèques - Isolement Provisions",
    "tetePerimetre": {
      "code": "3000350989",
      "libelle": "PSC OPE CLIPRI"
    },
    "createdBy": "X178253 ",
    "active": true
  },
  {
    "code": "OPI12",
    "libelle": "Certificats de Non Paiement ",
    "libelleLong": "Chèques - Certificats de Non Paiement",
    "tetePerimetre": {
      "code": "3000350989",
      "libelle": "PSC OPE CLIPRI"
    },
    "createdBy": "X178253 ",
    "active": true
  },
  {
    "code": "OPI13",
    "libelle": "Traitement Rejets Chèques",
    "libelleLong": "Chèques - Traitement Rejets Chèques",
    "tetePerimetre": {
      "code": "3000350989",
      "libelle": "PSC OPE CLIPRI"
    },
    "createdBy": "X178253 ",
    "active": true
  },
  {
    "code": "OPI14",
    "libelle": "Refus Encaissement Chèques CLICOM",
    "libelleLong": "Chèques - Refus Encaissement Chèques CLICOM",
    "tetePerimetre": {
      "code": "3000350989",
      "libelle": "PSC OPE CLIPRI"
    },
    "createdBy": "X178253 ",
    "active": true
  },
  {
    "code": "OPI54",
    "libelle": "Retours Courriers CPL",
    "libelleLong": "Chèques - Retours Courriers CPL",
    "tetePerimetre": {
      "code": "3000350989",
      "libelle": "PSC OPE CLIPRI"
    },
    "createdBy": "X178253 ",
    "active": true
  },
  {
    "code": "OPI55",
    "libelle": "Ajust. comptes DAR et comptes CHQ",
    "libelleLong": "Ajust.Comptes Généraux - Ajust. comptes DAR et comptes CHQ",
    "tetePerimetre": {
      "code": "3000350989",
      "libelle": "PSC OPE CLIPRI"
    },
    "createdBy": "X178253 ",
    "active": true
  },
  {
    "code": "OPI15",
    "libelle": "Rejets MURCEF",
    "libelleLong": "DAR - Rejets MURCEF",
    "tetePerimetre": {
      "code": "3000350989",
      "libelle": "PSC OPE CLIPRI"
    },
    "createdBy": "X178253 ",
    "active": true
  },
  {
    "code": "OPI16",
    "libelle": "DAR Apurement ",
    "libelleLong": "DAR - Apurement DAR",
    "tetePerimetre": {
      "code": "3000350989",
      "libelle": "PSC OPE CLIPRI"
    },
    "createdBy": "X178253 ",
    "active": true
  },
  {
    "code": "OPI17",
    "libelle": "Rejets physiques",
    "libelleLong": "DAR - Rejets physiques",
    "tetePerimetre": {
      "code": "3000350989",
      "libelle": "PSC OPE CLIPRI"
    },
    "createdBy": "X178253 ",
    "active": true
  },
  {
    "code": "OPI18",
    "libelle": "DAR Ajustement",
    "libelleLong": "DAR - Ajustement DAR",
    "tetePerimetre": {
      "code": "3000350989",
      "libelle": "PSC OPE CLIPRI"
    },
    "createdBy": "X178253 ",
    "active": true
  },
  {
    "code": "OPI19",
    "libelle": "SVE SATD / Autres voies d'exécutions",
    "libelleLong": "SVE - SVE SATD / Autres voies d'exécutions",
    "tetePerimetre": {
      "code": "3000350989",
      "libelle": "PSC OPE CLIPRI"
    },
    "createdBy": "X178253 ",
    "active": true
  },
  {
    "code": "OPI20",
    "libelle": "SVE - DAR suite Saisies",
    "libelleLong": "SVE - DAR suite Saisies",
    "tetePerimetre": {
      "code": "3000350989",
      "libelle": "PSC OPE CLIPRI"
    },
    "createdBy": "X178253 ",
    "active": true
  },
  {
    "code": "OPI21",
    "libelle": "SVE - Saisies Attribution et Conservatoires",
    "libelleLong": "SVE - Saisies Attribution et Conservatoires",
    "tetePerimetre": {
      "code": "3000350989",
      "libelle": "PSC OPE CLIPRI"
    },
    "createdBy": "X178253 ",
    "active": true
  },
  {
    "code": "OPI53",
    "libelle": "RNI",
    "libelleLong": "Recherches - RNI",
    "tetePerimetre": {
      "code": "3000350989",
      "libelle": "PSC OPE CLIPRI"
    },
    "createdBy": "X178253 ",
    "active": true
  },
  {
    "code": "OPI23",
    "libelle": "Recherches",
    "libelleLong": "Recherches",
    "tetePerimetre": {
      "code": "3000350989",
      "libelle": "PSC OPE CLIPRI"
    },
    "createdBy": "X178253 ",
    "active": true
  },
  {
    "code": "OPI24",
    "libelle": "Réquisitions Judiciaires / Douanes",
    "libelleLong": "Recherches - Réquisitions Judiciaires / Douanes",
    "tetePerimetre": {
      "code": "3000350989",
      "libelle": "PSC OPE CLIPRI"
    },
    "createdBy": "X178253 ",
    "active": true
  },
  {
    "code": "OPI25",
    "libelle": "Réquisitions Fiscales/Droit de communication",
    "libelleLong": "Recherches - Réquisitions Fiscales/Droit de communication",
    "tetePerimetre": {
      "code": "3000350989",
      "libelle": "PSC OPE CLIPRI"
    },
    "createdBy": "X178253 ",
    "active": true
  },
  {
    "code": "OPI26",
    "libelle": "Transferts Entrants",
    "libelleLong": "Titres - Transferts Entrants",
    "tetePerimetre": {
      "code": "3000350989",
      "libelle": "PSC OPE CLIPRI"
    },
    "createdBy": "X178253 ",
    "active": true
  },
  {
    "code": "OPI27",
    "libelle": "Transferts Sortants",
    "libelleLong": "Titres - Transferts Sortants",
    "tetePerimetre": {
      "code": "3000350989",
      "libelle": "PSC OPE CLIPRI"
    },
    "createdBy": "X178253 ",
    "active": true
  },
  {
    "code": "OPI28",
    "libelle": "Clôture",
    "libelleLong": "Titres - Clôture",
    "tetePerimetre": {
      "code": "3000350989",
      "libelle": "PSC OPE CLIPRI"
    },
    "createdBy": "X178253 ",
    "active": true
  },
  {
    "code": "OPI29",
    "libelle": "TNC",
    "libelleLong": "Titres - TNC",
    "tetePerimetre": {
      "code": "3000350989",
      "libelle": "PSC OPE CLIPRI"
    },
    "createdBy": "X178253 ",
    "active": true
  },
  {
    "code": "OPI30",
    "libelle": "Donation",
    "libelleLong": "Titres - Donation",
    "tetePerimetre": {
      "code": "3000350989",
      "libelle": "PSC OPE CLIPRI"
    },
    "createdBy": "X178253 ",
    "active": true
  },
  {
    "code": "OPI31",
    "libelle": "Nantissement ",
    "libelleLong": "Titres - Nantissement ",
    "tetePerimetre": {
      "code": "3000350989",
      "libelle": "PSC OPE CLIPRI"
    },
    "createdBy": "X178253 ",
    "active": true
  },
  {
    "code": "OPI32",
    "libelle": "Redressement",
    "libelleLong": "Titres - Redressement",
    "tetePerimetre": {
      "code": "3000350989",
      "libelle": "PSC OPE CLIPRI"
    },
    "createdBy": "X178253 ",
    "active": true
  },
  {
    "code": "OPI33",
    "libelle": "Divers",
    "libelleLong": "Titres - Divers",
    "tetePerimetre": {
      "code": "3000350989",
      "libelle": "PSC OPE CLIPRI"
    },
    "createdBy": "X178253 ",
    "active": true
  },
  {
    "code": "OPI34",
    "libelle": "FATCA / CRS",
    "libelleLong": "Fiscalité - FATCA / CRS",
    "tetePerimetre": {
      "code": "3000350989",
      "libelle": "PSC OPE CLIPRI"
    },
    "createdBy": "X178253 ",
    "active": true
  },
  {
    "code": "OPI35",
    "libelle": "QI",
    "libelleLong": "Fiscalité - QI",
    "tetePerimetre": {
      "code": "3000350989",
      "libelle": "PSC OPE CLIPRI"
    },
    "createdBy": "X178253 ",
    "active": true
  },
  {
    "code": "OPI36",
    "libelle": "IFU / CERFA",
    "libelleLong": "Fiscalité - IFU / CERFA",
    "tetePerimetre": {
      "code": "3000350989",
      "libelle": "PSC OPE CLIPRI"
    },
    "createdBy": "X178253 ",
    "active": true
  },
  {
    "code": "OPI37",
    "libelle": "Transferts Entrants PEL/CEL",
    "libelleLong": "Epargne - Transferts Entrants PEL/CEL",
    "tetePerimetre": {
      "code": "3000350989",
      "libelle": "PSC OPE CLIPRI"
    },
    "createdBy": "X178253 ",
    "active": true
  },
  {
    "code": "OPI38",
    "libelle": "Transferts Sortants PEL/CEL",
    "libelleLong": "Epargne - Transferts Sortants PEL/CEL",
    "tetePerimetre": {
      "code": "3000350989",
      "libelle": "PSC OPE CLIPRI"
    },
    "createdBy": "X178253 ",
    "active": true
  },
  {
    "code": "OPI39",
    "libelle": "Rejet Prime PEL",
    "libelleLong": "Epargne - Rejet Prime PEL",
    "tetePerimetre": {
      "code": "3000350989",
      "libelle": "PSC OPE CLIPRI"
    },
    "createdBy": "X178253 ",
    "active": true
  },
  {
    "code": "OPI40",
    "libelle": "Transferts Entrants ERS",
    "libelleLong": "Epargne - Transferts Entrants ERS",
    "tetePerimetre": {
      "code": "3000350989",
      "libelle": "PSC OPE CLIPRI"
    },
    "createdBy": "X178253 ",
    "active": true
  },
  {
    "code": "OPI41",
    "libelle": "Transferts Sortants ERS",
    "libelleLong": "Epargne - Transferts Sortants ERS",
    "tetePerimetre": {
      "code": "3000350989",
      "libelle": "PSC OPE CLIPRI"
    },
    "createdBy": "X178253 ",
    "active": true
  },
  {
    "code": "OPI42",
    "libelle": "Conformité LEP",
    "libelleLong": "Epargne - Conformité LEP",
    "tetePerimetre": {
      "code": "3000350989",
      "libelle": "PSC OPE CLIPRI"
    },
    "createdBy": "X178253 ",
    "active": true
  },
  {
    "code": "OPI43",
    "libelle": "Mandat Livret A",
    "libelleLong": "Epargne - Mandat Livret A",
    "tetePerimetre": {
      "code": "3000350989",
      "libelle": "PSC OPE CLIPRI"
    },
    "createdBy": "X178253 ",
    "active": true
  },
  {
    "code": "OPI44",
    "libelle": "Désolidarisation CAV",
    "libelleLong": "Vie du compte PRI - Désolidarisation CAV",
    "tetePerimetre": {
      "code": "3000350989",
      "libelle": "PSC OPE CLIPRI"
    },
    "createdBy": "X178253 ",
    "active": true
  },
  {
    "code": "OPI45",
    "libelle": "Fusions Tiers",
    "libelleLong": "Vie du compte PRI - Fusions Tiers",
    "tetePerimetre": {
      "code": "3000350989",
      "libelle": "PSC OPE CLIPRI"
    },
    "createdBy": "X178253 ",
    "active": true
  },
  {
    "code": "OPI46",
    "libelle": "Opérations PERLA",
    "libelleLong": "Vie du compte PRI - Opérations PERLA",
    "tetePerimetre": {
      "code": "3000350989",
      "libelle": "PSC OPE CLIPRI"
    },
    "createdBy": "X178253 ",
    "active": true
  },
  {
    "code": "OPI47",
    "libelle": "Opérations URTA",
    "libelleLong": "Vie du compte PRI - Opérations URTA",
    "tetePerimetre": {
      "code": "3000350989",
      "libelle": "PSC OPE CLIPRI"
    },
    "createdBy": "X178253 ",
    "active": true
  },
  {
    "code": "OPI48",
    "libelle": "Dossier Recouvrement",
    "libelleLong": "Vie du compte PRI - Dossier Recouvrement",
    "tetePerimetre": {
      "code": "3000350989",
      "libelle": "PSC OPE CLIPRI"
    },
    "createdBy": "X178253 ",
    "active": true
  },
  {
    "code": "OPI49",
    "libelle": "IFU KYC",
    "libelleLong": "Vie du compte PRI - IFU KYC",
    "tetePerimetre": {
      "code": "3000350989",
      "libelle": "PSC OPE CLIPRI"
    },
    "createdBy": "X178253 ",
    "active": true
  },
  {
    "code": "TRA01",
    "libelle": "Supervision Managériale",
    "libelleLong": "Transverse - Supervision Managériale",
    "tetePerimetre": {
      "code": "3000350989",
      "libelle": "PSC OPE CLIPRI"
    },
    "createdBy": "X178253 ",
    "active": true
  },
  {
    "code": "TRA02",
    "libelle": "Accueil Téléphonique",
    "libelleLong": "Transverse - Accueil Téléphonique",
    "tetePerimetre": {
      "code": "3000350989",
      "libelle": "PSC OPE CLIPRI"
    },
    "createdBy": "X178253 ",
    "active": true
  },
  {
    "code": "TRA03",
    "libelle": "BAL Générique",
    "libelleLong": "Transverse - BAL Générique",
    "tetePerimetre": {
      "code": "3000350989",
      "libelle": "PSC OPE CLIPRI"
    },
    "createdBy": "X178253 ",
    "active": true
  },
  {
    "code": "TRA16",
    "libelle": "Certification des comptes",
    "libelleLong": "Transverse - Certification des comptes",
    "tetePerimetre": {
      "code": "3000350989",
      "libelle": "PSC OPE CLIPRI"
    },
    "createdBy": "X178253 ",
    "active": true
  },
  {
    "code": "TRA04",
    "libelle": "RST",
    "libelleLong": "Transverse - RST",
    "tetePerimetre": {
      "code": "3000350989",
      "libelle": "PSC OPE CLIPRI"
    },
    "createdBy": "X178253 ",
    "active": true
  },
  {
    "code": "TRA05",
    "libelle": "RDO",
    "libelleLong": "Transverse - RDO",
    "tetePerimetre": {
      "code": "3000350989",
      "libelle": "PSC OPE CLIPRI"
    },
    "createdBy": "X178253 ",
    "active": true
  }
]