CODE;LIBELLE;LIBELLE_LONG;ORDRE;ACTIVITE_SUMEAU_ID;FAMILLE_ID;TETE_PERIMETRE_ID
OPI01;Ajustages Automates;Espèces - Ajustages Automates;1;SUM01;OPECLIPRI_ESP;3000359245
OPI50;Gestion DRM ;Espèces - Gestion DRM;2;SUM01;OPECLIPRI_ESP;3000359245
OPI02;Gestion Billets;Espèces - Gestion Billets;3;SUM01;OPECLIPRI_ESP;3000359245
OPI03;Récla.Clients/Versement Coffre Tirelire;Espèces - Récla.Clients/Versement Coffre Tirelire;4;SUM01;OPECLIPRI_ESP;3000359245
OPI04;Récla.Clients/Versement Espèces;Espèces - Récla.Clients/Versement Espèces;5;SUM01;OPECLIPRI_ESP;3000359245
OPI51;Inventaires permanents;Espèces - Inventaires permanents;6;null;OPECLIPRI_ESP;3000359245
OPI52;Gestion des commandes;Espèces - Gestion des commandes;7;null;OPECLIPRI_ESP;3000359245
OPI06;Opposition Chèques;Chèques - Opposition Chèques;1;SUM03;OPECLIPRI_CHEQ;3000359245
OPI07;Régularisation BDF;Chèques - Régularisation BDF;2;SUM03;OPECLIPRI_CHEQ;3000359245
OPI09;Lettres de garantie émises;Chèques - Lettres de garantie émises;4;SUM03;OPECLIPRI_CHEQ;3000359245
OPI10;Lettres de garantie reçues;Chèques - Lettres de garantie reçues;5;SUM03;OPECLIPRI_CHEQ;3000359245
OPI11;Isolement Provisions;Chèques - Isolement Provisions;6;SUM03;OPECLIPRI_CHEQ;3000359245
OPI12;Certificats de Non Paiement ;Chèques - Certificats de Non Paiement;7;SUM03;OPECLIPRI_CHEQ;3000359245
OPI13;Traitement Rejets Chèques;Chèques - Traitement Rejets Chèques;8;SUM03;OPECLIPRI_CHEQ;3000359245
OPI54;Retours Courriers CPL;Chèques - Retours Courriers CPL;10;SUM03;OPECLIPRI_CHEQ;3000359245
OPI55;Ajust. comptes DAR et comptes CHQ;Ajust.Comptes Généraux - Ajust. comptes DAR et comptes CHQ;1;null;OPECLIPRI_AJUST;3000359245
OPI15;Rejets MURCEF;DAR - Rejets MURCEF;1;SUM03;OPECLIPRI_DAR;3000359245
OPI16;DAR Apurement ;DAR - Apurement DAR;2;SUM03;OPECLIPRI_DAR;3000359245
OPI17;Rejets physiques;DAR - Rejets physiques;3;SUM03;OPECLIPRI_DAR;3000359245
OPI18;DAR Ajustement;DAR - Ajustement DAR;4;SUM03;OPECLIPRI_DAR;3000359245
OPI20;SVE - DAR suite Saisies;SVE - DAR suite Saisies;2;SUM05;OPECLIPRI_SVE;3000359245
OPI21;SVE - Saisies Attribution et Conservatoires;SVE - Saisies Attribution et Conservatoires;3;SUM05;OPECLIPRI_SVE;3000359245
OPI53;RNI;Recherches - RNI;1;SUM06;OPECLIPRI_RECH;3000359245
OPI23;Recherches;Recherches;2;SUM06;OPECLIPRI_RECH;3000359245
OPI24;Réquisitions Judiciaires / Douanes;Recherches - Réquisitions Judiciaires / Douanes;3;SUM06;OPECLIPRI_RECH;3000359245
OPI25;Réquisitions Fiscales/Droit de communication;Recherches - Réquisitions Fiscales/Droit de communication;4;SUM06;OPECLIPRI_RECH;3000359245
OPI34;FATCA / CRS;Fiscalité - FATCA / CRS;9;SUM08;OPECLIPRI_TIFI;3000359245
OPI35;QI;Fiscalité - QI;10;SUM07;OPECLIPRI_TIFI;3000359245
OPI36;IFU / CERFA;Fiscalité - IFU / CERFA;11;SUM07;OPECLIPRI_TIFI;3000359245
OPI37;Transferts Entrants PEL/CEL;Epargne - Transferts Entrants PEL/CEL;1;SUM09;OPECLIPRI_EPA;3000359245
OPI38;Transferts Sortants PEL/CEL;Epargne - Transferts Sortants PEL/CEL;2;SUM09;OPECLIPRI_EPA;3000359245
OPI39;Rejet Prime PEL;Epargne - Rejet Prime PEL;3;SUM09;OPECLIPRI_EPA;3000359245
OPI40;Transferts Entrants ERS;Epargne - Transferts Entrants ERS;4;SUM09;OPECLIPRI_EPA;3000359245
OPI41;Transferts Sortants ERS;Epargne - Transferts Sortants ERS;5;SUM09;OPECLIPRI_EPA;3000359245
OPI42;Conformité LEP;Epargne - Conformité LEP;6;SUM09;OPECLIPRI_EPA;3000359245
OPI43;Mandat Livret A;Epargne - Mandat Livret A;7;SUM09;OPECLIPRI_EPA;3000359245
OPI44;Désolidarisation CAV;Vie du compte PRI - Désolidarisation CAV;1;SUM08;OPECLIPRI_VIC;3000359245
OPI45;Fusions Tiers;Vie du compte PRI - Fusions Tiers;2;SUM08;OPECLIPRI_VIC;3000359245
OPI46;Opérations PERLA;Vie du compte PRI - Opérations PERLA;3;SUM08;OPECLIPRI_VIC;3000359245
OPI47;Opérations URTA;Vie du compte PRI - Opérations URTA;4;SUM08;OPECLIPRI_VIC;3000359245
OPI48;Dossier Recouvrement;Vie du compte PRI - Dossier Recouvrement;5;SUM10;OPECLIPRI_VIC;3000359245
OPI49;IFU KYC;Vie du compte PRI - IFU KYC;6;SUM08;OPECLIPRI_VIC;3000359245
CRI01;Analyse Nouveau Dossier ;Octroi PPI - Analyse Nouveau Dossier;1;SUM11;CRECLIPRI_OPPI;3000359244
CRI22;Analyse Retour Dossier ;Octroi PPI - Analyse Retour Dossier;2;SUM11;CRECLIPRI_OPPI;3000359244
CRI23;Emission Offres;Octroi PPI - Emission Offres;3;SUM12;CRECLIPRI_OPPI;3000359244
CRI02;Retour Offres;Ocoitr PPI - Retour Offres;4;SUM12;CRECLIPRI_OPPI;3000359244
CRI03;Qualification, Décaissement Facture;Octroi PPI - Qualification, Décaissement Facture;5;SUM13;CRECLIPRI_OPPI;3000359244
CRI24;Qualification Notaire;Octroi PPI - Qualification Notaire;6;SUM13;CRECLIPRI_OPPI;3000359244
CRI25;Décaissement Notaire;Octroi PPI - Décaissement Notaire;7;SUM13;CRECLIPRI_OPPI;3000359244
CRI04;Prêts CHF;CHF - Prêts CHF;1;SUM14;CRECLIPRI_PCHF;3000359244
CRI05;Règlements Factures prescripteurs;Divers Crédit - Règlement factures prescripteurs ;1;SUM15;CRECLIPRI_DVCR;3000359244
CRI06;Audit;Divers Crédit - Audit;2;SUM15;CRECLIPRI_DVCR;3000359244
CRI07;Copies exécutoires IGDS;Divers Crédit - Saisie des copies exécutoires dans IGDS;3;SUM15;CRECLIPRI_DVCR;3000359244
OPI14;Refus Encaiss. Chèque CLICOM;Chèques - Refus Encaissement Chèques CLICOM;9;SUM03;OPECLIPRI_CHEQ;3000359245
OPI19;SVE SATD / Autres Voies Exécution;SVE - SVE SATD / Autres voies d'exécutions;1;SUM04;OPECLIPRI_SVE;3000359245
OPI26;Titres - Transferts Entrants;Titres - Transferts Entrants;1;SUM07;OPECLIPRI_TIFI;3000359245
OPI27;Titres - Transferts Sortants;Titres - Transferts Sortants;2;SUM07;OPECLIPRI_TIFI;3000359245
OPI28;Titres - Clôture;Titres - Clôture;3;SUM07;OPECLIPRI_TIFI;3000359245
OPI29;Titres - TNC;Titres - TNC;4;SUM07;OPECLIPRI_TIFI;3000359245
OPI30;Titres - Donation;Titres - Donation;5;SUM07;OPECLIPRI_TIFI;3000359245
OPI31;Titres - Nantissement ;Titres - Nantissement ;6;SUM07;OPECLIPRI_TIFI;3000359245
OPI33;Titres - Divers;Titres - Divers;8;SUM07;OPECLIPRI_TIFI;3000359245
OPI32;Titres - Redressement;Titres - Redressement;7;SUM07;OPECLIPRI_TIFI;3000359245
CRI08;Renégociations émissions avenants;Evénements Standards - Renégociations émissions avenants;1;SUM16;CRECLIPRI_EVST;3000359244
CRI26;Renégociations retours avenants;Evénements Standards - Renégociations retours avenants;2;SUM16;CRECLIPRI_EVST;3000359244
CRI09;Remboursements Anticipés;Evénements Standards - Remboursements Anticipés ;3;SUM16;CRECLIPRI_EVST;3000359244
CRI10;Traitement des impayés CRELOG;Evénements Standards - Traitement des impayés CRELOG;4;SUM16;CRECLIPRI_EVST;3000359244
CRI11;Mainlevée Hypothèque;Evénements Standards - Mainlevée Hypothèque ;5;SUM16;CRECLIPRI_EVST;3000359244
CRI12;Désolidarisations;Evénements Complexes - Désolidarisations ;1;SUM17;CRECLIPRI_EVCX;3000359244
CRI13;Transferts Prêts;Evénements Complexes - Transfert de Prêts;2;SUM17;CRECLIPRI_EVCX;3000359244
CRI14;Gest.Assur. / Modif.Garantie - Emissions avenants;Evénements Complexes - Gest.Assur. / Modif.Garantie - Emissions avenants;3;SUM17;CRECLIPRI_EVCX;3000359244
CRI27;Gest. Assur./ Modif.Garantie - Retours avenants;Evénements Complexes - Gest. Assur./ Modif.Garantie - Retours avenants;4;SUM17;CRECLIPRI_EVCX;3000359244
CRI15;Recouvrement PRI/PRO VD;Evénements Complexes - Recouvrement PRI/PRO VD;5;SUM17;CRECLIPRI_EVCX;3000359244
CRI16;Ouverture Avances Pat. / DCS;Avances Pat. /DCS - Ouverture Avances Pat. / DCS;1;SUM18;CRECLIPRI_AUTR;3000359244
CRI17;Cautions PRI;Cautions émises - Cautions PRI;1;SUM19;CRELICPRI_CAUT;3000359244
CRI18;Ouverture Sinistres DCITT;Sinitres PRI - Ouverture Sinistres DCITT;1;SUM20;CRECLIPRI_SINI;3000359244
CRI19;Conformité Crédit Conso;Crédit Conso - Conformité Crédit Conso;1;SUM21;CRECLIPRI_CRCO;3000359244
CRI28;Demandes CPI;Demandes CPI ;1;SUM46;CRECLIPRI_CPI;3000359244
TRA01;Supervision Managériale;Transverse - Supervision Managériale;1;null;OPECLIPRI_TRA;3000359245
TRA02;Accueil Téléphonique;Transverse - Accueil Téléphonique;2;null;OPECLIPRI_TRA;3000359245
TRA03;BAL Générique;Transverse - BAL Générique;3;null;OPECLIPRI_TRA;3000359245
TRA16;Certification des comptes;Transverse - Certification des comptes;4;null;OPECLIPRI_TRA;3000359245
TRA04;RST;Transverse - RST;5;SUM45;OPECLIPRI_TRA;3000359245
TRA05;RDO;Transverse - RDO;6;SUM47;OPECLIPRI_TRA;3000359245
TRA06;Supervision Managériale;Transverse - Supervision Managériale;1;null;CRECLIPRI_TRA;3000359244
TRA07;Accueil Téléphonique;Transverse - Accueil Téléphonique;2;null;CRECLIPRI_TRA;3000359244
TRA08;BAL Générique;Transverse - BAL Générique;3;null;CRECLIPRI_TRA;3000359244
TRA09;RST et correspondant Prêts Immobiliers;Transverse - RST et correspondant Prêts Immobiliers;4;SUM46;CRECLIPRI_TRA;3000359244
TRA10;RDO;Transverse - RDO;5;SUM47;CRECLIPRI_TRA;3000359244
TRA11;Supervision Managériale;Transverse - Supervision Managériale;1;null;OPECLICOM_TRA;3000359242
TRA12;Accueil Téléphonique;Transverse - Accueil Téléphonique;2;null;OPECLICOM_TRA;3000359242
TRA13;BAL Générique;Transverse - BAL Générique;3;null;OPECLICOM_TRA;3000359242
TRA14;RST;Transverse - RST;4;SUM45;OPECLICOM_TRA;3000359242
TRA15;RDO;Transverse - RDO;5;SUM47;OPECLICOM_TRA;3000359242
OPE01;Certificat de dépôt de capital ;Autres activités - Certificat de dépôt de capital ;1;null;OPECLICOM_AUT;3000359242
OPE02;Audits (circularisations);Audits (circularisations) - Audit (circularisations);1;SUM25;OPECLICOM_AUDI;3000359242
OPE03;Procédure collective;Dénonciation / Précontentieux - Procédure collective;1;SUM28;OPECLICOM_DEN;3000359242
OPE04;Lettre à 60 jours;Dénonciation / Précontentieux - Lettre à 60 jours;2;SUM28;OPECLICOM_DEN;3000359242
OPE05;Dossier de recouvrement PRO VP;Dénonciation / Précontentieux - Dossier de recouvrement PRO VP;3;SUM28;OPECLICOM_DEN;3000359242
OPE06;Rupture de la relation / PRO COM;Dénonciation / Précontentieux - Rupture de la relation/ PRO COM;4;SUM28;OPECLICOM_DEN;3000359242
OPE07;Revue KYC (Hors Harmonie);KYC - Revue KYC (Hors Harmonie);1;SUM24;OPECLICOM_KYC;3000359242
OPE08;Revue KYC PRO/COM;KYC - Revue KYC PRO/COM;2;SUM24;OPECLICOM_KYC;3000359242
OPE09;Fiche de délégation ;KYC - Fiche de délégation;3;SUM24;OPECLICOM_KYC;3000359242
OPE10;MAJ de conditions;Conditions - MAJ de conditions ;1;SUM26;OPECLICOM_COND;3000359242
OPE11;Cahier des conditions;Conditions - Cahier des conditions;2;SUM26;OPECLICOM_COND;3000359242
OPE12;Rétrocession PERLA;Conditions - Rétrocession PERLA;3;SUM26;OPECLICOM_COND;3000359242
OPE13;Forfaits;Conditions - Forfaits;4;SUM26;OPECLICOM_COND;3000359242
OPE14;ACE;Conditions - ACE;5;SUM26;OPECLICOM_COND;3000359242
OPE15;Conditions multiples;Conditions - Conditions multiples;6;SUM26;OPECLICOM_COND;3000359242
OPE16;Mise à jour/ campagnes ACE;Conditions - Mise à jour / campagnes;7;SUM26;OPECLICOM_COND;3000359242
OPE17;Mise à jour juridique;Mise à jour du dossier client -  Mise à jour juridique;1;SUM26;OPECLICOM_DCLI;3000359242
OPE18;Pouvoirs;Mise à jour du dossier client - Pouvoirs;2;SUM26;OPECLICOM_DCLI;3000359242
OPE19;Mises à jour juridiques multiples;Mise à jour du dossier client -  Mises à jour juridiques multiples;3;SUM26;OPECLICOM_DCLI;3000359242
OPE20;Pouvoirs multiples;Mise à jour du dossier client -  Pouvoirs multiples;4;SUM26;OPECLICOM_DCLI;3000359242
OPE21;Monétique;Monétique / Télématique - Monétique;1;SUM29;OPECLICOM_MON;3000359242
OPE22;Télématique;Monétique / Télématique -Télématique;2;SUM29;OPECLICOM_MON;3000359242
OPE23;Compte secondaire;Ouverture de compte -  Compte secondaire;1;SUM26;OPECLICOM_OUV;3000359242
OPE24;Compte capital;Ouverture de compte -  Compte capital;2;SUM26;OPECLICOM_OUV;3000359242
OPE25;Compte chantier ;Ouverture de compte -  Compte chantier ;3;SUM26;OPECLICOM_OUV;3000359242
OPE26;Compte séquestre;Ouverture de compte -  Compte séquestre;4;SUM26;OPECLICOM_OUV;3000359242
OPE27;EER PRO (Hors Harmonie);Ouverture de compte -  EER PRO (Hors Harmonie);5;SUM23;OPECLICOM_OUV;3000359242
OPE28;Fusion;Vie du compte -  Fusion;1;SUM26;OPECLICOM_VIE;3000359242
OPE29;TUP;Vie du compte -  TUP;2;SUM26;OPECLICOM_VIE;3000359242
OPE30;Contraction;Vie du compte -  Contraction;3;SUM26;OPECLICOM_VIE;3000359242
OPE31;Transfert de prestations;Vie du compte -   Transfert de prestations;4;SUM26;OPECLICOM_VIE;3000359242
OPE32;Clôture;Vie du compte - Clôture;5;SUM26;OPECLICOM_VIE;3000359242
OPE33;Lettre chèque ;Vie du compte - Lettre chèque;6;SUM26;OPECLICOM_VIE;3000359242
OPE34;Ordre de bourse;Placement de la trésorerie du client - Ordre de bourse;1;SUM27;OPECLICOM_PLA;3000359242
OPE35;CAT;Placement de la trésorerie du client - CAT;2;SUM27;OPECLICOM_PLA;3000359242
OPE36;Gestion de la trésorerie;Placement de la trésorerie du client - Gestion de la trésorerie;3;SUM27;OPECLICOM_PLA;3000359242
OPE37;Transferts;Placement de la trésorerie du client - Transferts;4;SUM27;OPECLICOM_PLA;3000359242
OPE38;Traitement DEJ;Activités spécifiques - Traitement DEJ;1;null;OPECLICOM_SPE;3000359242
OPE39;Facturation manuelle produits spécifiques;Vie du compte -  Facturation manuelle produits spécifiques;1;SUM26;OPECLICOM_VIE;3000359242
OPE40;Entrée en relation CLICOM;EER -  Entrée en relation CLICOM;1;SUM23;OPECLICOM_EER;3000359242
OPE41;Entrée en relation CLICOM  Digitalisée;EER - Entrée en relation CLICOM  Digitalisée;2;SUM23;OPECLICOM_EER;3000359242
OPE42;Entrée en relation CLIPRO;EER -  Entrée en relation CLIPRO;3;SUM23;OPECLICOM_EER;3000359242
OPE43;Entrée en relation CLIPRO - Compte de capital;EER - Entrée en relation CLIPRO - Compte de capital;4;SUM23;OPECLICOM_EER;3000359242
OPI08;Retours Impayés Remises Chèques;Chèques - Retours impayés remises de chèques;3;SUM03;OPECLIPRI_CHEQ;3000359245