CODE;LIBELLE
SUM01;Espèces (ajustage coffres tire-lire, MISTRAL)
SUM03;DAR technique, MURCEF, rejets physiques et autres activités chèque
SUM04;Autres voies d'exécution
SUM05;Saisies (attribution, conservatoire)
SUM06;Recherches dont RNI, Réquisitions
SUM07;Titres / fiscalité (PRI)
SUM08;Fichier clients / vie du compte
SUM09;ERS (PRI)
SUM10;Dossiers Recouvrement PRI/PRO VD
SUM11;Analyses et montages PPI (crédits réglementés, Vérifimmo…)
SUM12;Emissions, complétude et suivi des offres PPI, Assurances, garanties
SUM13;Qualifications, décaissements, vérif avant clôture, paiement primes diverses
SUM14;Traitement des prêts en Francs Suisses
SUM15;Actions de suivi et de surveillance, traitement factures prescripteurs, traitement copies executoires, Préparation des dossiers Audit
SUM16;Evénements standards (renégociations, remboursements anticipés, modularité…)
SUM17;Evénements complexes (désolidarisations, transferts, gestion des garanties, avenants manuels…)
SUM18;Autres crédits PRI (avances patrimoniales, découverts en compte spécial)
SUM19;Cautions PRI : émission, suivi et mainlevée
SUM20;Sinistres Assurances (emprunteurs, crédits PRI), Sinistres sur biens immobiliers
SUM21;Crédits CONSO (contrôle de conformité, évènements de gestion)
SUM22;Gestion des assurances (déliaison/substitution)
SUM23;EER ENT et PRO
SUM24;Revues KYC ENT et PRO
SUM25;Circularisations
SUM26;Vie du compte
SUM27;Placement de la trésorerie du client
SUM28;Gestion fin de relation
SUM29;Monétique / Télématique
SUM30;Suivi des professions réglementées PRO/COM
SUM31;Analyse et montage des dossiers, suivi des dossiers complexes
SUM32;Rédaction et mise en force des CMT (hors Sogepro)
SUM33;Evénements ENT et PRO
SUM34;Mise en place crédits PRO (SOGEPRO et PRO en ligne)
SUM35;Mise en place et Renouvellement CT
SUM36;Cautions domestiques
SUM37;Correspondants (CTLM)
SUM38;Correspondants Flux Int (CFI)
SUM39;Virements Papier
SUM40;Remises télématiques
SUM41;Portefeuille FRA
SUM42;Portefeuille INT et remises documentaires
SUM43;Avances et blocages Devises
SUM44;Recherches Flux
SUM45;RST
SUM46;RST et correspondant Prêts Immobiliers
SUM47;RDO
SUM48;Gestion des assurances (déliaison/substitution)
SUM49;Suivi des professions réglementées PRO/COM