id;is_default;NOMBRE_DOSSIER;CODE_ACTIVITE;ID_NIVEAU
1;true;null;OPI01;0
2;true;null;OPI02;0
3;true;null;OPI03;0
4;true;null;OPI04;0
6;true;0;OPI06;0
7;true;0;OPI07;0
8;true;0;OPI08;0
9;true;0;OPI09;0
10;true;0;OPI10;0
11;true;0;OPI11;0
12;true;0;OPI12;0
13;true;0;OPI13;0
14;true;0;OPI14;0
15;true;0;OPI15;0
16;true;0;OPI16;0
17;true;0;OPI17;0
18;true;null;OPI18;0
19;true;0;OPI19;0
20;true;0;OPI20;0
21;true;0;OPI21;0
23;true;0;OPI23;0
24;true;0;OPI24;0
25;true;0;OPI25;0
26;false;0;OPI26;0
27;false;0;OPI27;0
28;false;0;OPI28;0
29;false;0;OPI29;0
30;false;0;OPI30;0
31;false;0;OPI31;0
32;false;0;OPI32;0
33;false;0;OPI33;0
34;false;0;OPI34;0
35;false;0;OPI35;0
36;false;0;OPI36;0
37;false;0;OPI37;0
38;false;0;OPI38;0
39;false;0;OPI39;0
40;false;0;OPI40;0
41;false;0;OPI41;0
42;false;0;OPI42;0
43;false;0;OPI43;0
44;false;0;OPI44;0
45;false;0;OPI45;0
46;false;0;OPI46;0
47;false;0;OPI47;0
48;false;0;OPI48;0
49;false;0;OPI49;0
50;false;0;CRI01;0
51;false;0;CRI02;0
52;false;0;CRI03;0
54;false;0;CRI04;0
55;false;0;CRI05;0
56;false;0;CRI06;0
57;false;0;CRI07;0
58;false;0;CRI08;0
59;false;0;CRI09;0
60;false;0;CRI10;0
61;false;0;CRI11;0
62;false;0;CRI12;0
63;false;0;CRI13;0
64;false;0;CRI14;0
65;false;0;CRI15;0
66;false;0;CRI16;0
67;false;0;CRI17;0
68;false;0;CRI18;0
69;false;0;CRI19;0
72;false;null;TRA01;0
73;false;null;TRA02;0
74;false;null;TRA03;0
75;false;null;OPI01;1
76;false;null;OPI02;1
77;false;null;OPI03;1
78;false;null;OPI04;1
80;false;27;OPI06;1
81;false;140;OPI07;1
82;false;66;OPI08;1
83;false;10;OPI09;1
84;false;20;OPI10;1
85;false;0;OPI11;1
86;false;35;OPI12;1
87;false;20;OPI13;1
88;false;30;OPI14;1
89;false;100;OPI15;1
90;false;90;OPI16;1
91;false;190;OPI17;1
92;false;null;OPI18;1
93;false;47;OPI19;1
94;false;90;OPI20;1
95;false;22;OPI21;1
97;false;27;OPI23;1
98;false;20;OPI24;1
99;false;23;OPI25;1
100;false;17;OPI26;1
101;false;22;OPI27;1
102;false;38;OPI28;1
103;false;22;OPI29;1
104;false;2;OPI30;1
105;false;34;OPI31;1
106;false;1;OPI32;1
107;false;13;OPI33;1
108;false;22;OPI34;1
109;false;22;OPI35;1
110;false;8;OPI36;1
111;false;5;OPI37;1
112;false;7;OPI38;1
113;false;22;OPI39;1
114;false;15;OPI40;1
115;false;15;OPI41;1
116;false;56;OPI42;1
117;false;8;OPI43;1
118;false;13;OPI44;1
119;false;13;OPI45;1
120;false;48;OPI46;1
121;false;48;OPI47;1
122;false;17;OPI48;1
123;false;20;OPI49;1
124;false;3;CRI01;1
125;false;6;CRI02;1
126;false;17;CRI03;1
128;false;2;CRI04;1
129;false;5;CRI05;1
130;false;3;CRI06;1
131;false;5;CRI07;1
132;false;10;CRI08;1
133;false;6;CRI09;1
134;false;17;CRI10;1
135;false;4;CRI11;1
136;false;1;CRI12;1
137;false;1;CRI13;1
138;false;4;CRI14;1
139;false;7;CRI15;1
140;false;3;CRI16;1
141;false;1;CRI17;1
142;false;1;CRI18;1
143;false;3;CRI19;1
146;false;null;TRA01;1
147;false;null;TRA02;1
148;false;null;TRA03;1
149;false;null;OPI01;2
150;false;null;OPI02;2
151;false;null;OPI03;2
152;false;null;OPI04;2
154;false;30;OPI06;2
155;false;154;OPI07;2
156;false;92;OPI08;2
157;false;23;OPI09;2
158;false;27;OPI10;2
159;false;51;OPI11;2
160;false;46;OPI12;2
161;false;35;OPI13;2
162;false;60;OPI14;2
163;false;120;OPI15;2
164;true;105;OPI16;2
165;true;210;OPI17;2
166;true;null;OPI18;2
167;true;53;OPI19;2
168;true;105;OPI20;2
169;true;25;OPI21;2
171;false;30;OPI23;2
172;false;22;OPI24;2
173;false;26;OPI25;2
174;false;19;OPI26;2
175;false;25;OPI27;2
176;false;42;OPI28;2
177;false;25;OPI29;2
178;false;3;OPI30;2
179;false;38;OPI31;2
180;false;1;OPI32;2
181;false;15;OPI33;2
182;false;25;OPI34;2
183;false;25;OPI35;2
184;false;10;OPI36;2
185;false;6;OPI37;2
186;false;8;OPI38;2
187;false;25;OPI39;2
188;false;17;OPI40;2
189;false;17;OPI41;2
190;false;63;OPI42;2
191;false;10;OPI43;2
192;false;15;OPI44;2
193;false;15;OPI45;2
194;false;54;OPI46;2
195;false;54;OPI47;2
196;false;19;OPI48;2
197;false;24;OPI49;2
198;false;5;CRI01;2
199;false;10;CRI02;2
200;false;25;CRI03;2
202;false;4;CRI04;2
203;false;12;CRI05;2
204;false;5;CRI06;2
205;false;12;CRI07;2
206;false;17;CRI08;2
207;false;12;CRI09;2
208;false;25;CRI10;2
209;false;8;CRI11;2
210;false;2;CRI12;2
211;false;2;CRI13;2
212;false;8;CRI14;2
213;false;15;CRI15;2
214;false;5;CRI16;2
215;false;2;CRI17;2
216;false;2;CRI18;2
217;false;6;CRI19;2
220;false;null;TRA01;2
221;false;null;TRA02;2
222;false;null;TRA03;2
223;false;null;OPI01;3
224;false;null;OPI02;3
225;false;null;OPI03;3
226;false;null;OPI04;3
228;false;33;OPI06;3
229;false;170;OPI07;3
230;false;92;OPI08;3
231;false;27;OPI09;3
232;false;28;OPI10;3
233;false;55;OPI11;3
234;false;49;OPI12;3
235;false;40;OPI13;3
236;false;67;OPI14;3
237;false;140;OPI15;3
238;false;120;OPI16;3
239;false;230;OPI17;3
240;false;null;OPI18;3
241;false;58;OPI19;3
242;false;120;OPI20;3
243;false;27;OPI21;3
245;false;33;OPI23;3
246;false;24;OPI24;3
247;false;28;OPI25;3
248;true;21;OPI26;3
249;true;28;OPI27;3
250;true;47;OPI28;3
251;true;28;OPI29;3
252;true;4;OPI30;3
253;true;42;OPI31;3
254;true;2;OPI32;3
255;true;17;OPI33;3
256;true;28;OPI34;3
257;true;28;OPI35;3
258;true;12;OPI36;3
259;true;7;OPI37;3
260;true;9;OPI38;3
261;true;28;OPI39;3
262;true;19;OPI40;3
263;true;19;OPI41;3
264;true;70;OPI42;3
265;true;12;OPI43;3
266;true;17;OPI44;3
267;true;17;OPI45;3
268;true;60;OPI46;3
269;true;60;OPI47;3
270;true;21;OPI48;3
271;true;28;OPI49;3
284;true;6;CRI12;3
285;true;6;CRI13;3
286;true;16;CRI14;3
287;true;25;CRI15;3
288;true;8;CRI16;3
289;true;3;CRI17;3
290;true;4;CRI18;3
291;true;10;CRI19;3
294;true;null;TRA01;3
295;true;null;TRA02;3
296;true;null;TRA03;3
297;false;null;OPI01;4
298;false;null;OPI02;4
299;false;null;OPI03;4
300;false;null;OPI04;4
302;false;36;OPI06;4
303;false;77;OPI07;4
304;false;92;OPI08;4
305;false;31;OPI09;4
306;false;31;OPI10;4
307;false;60;OPI11;4
308;false;51;OPI12;4
309;false;45;OPI13;4
310;false;77;OPI14;4
311;false;120;OPI15;4
312;false;140;OPI16;4
313;false;250;OPI17;4
314;false;null;OPI18;4
315;false;64;OPI19;4
316;false;132;OPI20;4
317;false;30;OPI21;4
319;false;36;OPI23;4
320;false;26;OPI24;4
321;false;30;OPI25;4
322;false;21;OPI26;4
323;false;28;OPI27;4
324;false;47;OPI28;4
325;false;28;OPI29;4
326;false;4;OPI30;4
327;false;42;OPI31;4
328;false;2;OPI32;4
329;false;17;OPI33;4
330;false;28;OPI34;4
331;false;28;OPI35;4
332;false;12;OPI36;4
333;false;7;OPI37;4
334;false;9;OPI38;4
335;false;28;OPI39;4
336;false;19;OPI40;4
337;false;19;OPI41;4
338;false;70;OPI42;4
339;false;12;OPI43;4
340;false;17;OPI44;4
341;false;17;OPI45;4
342;false;60;OPI46;4
343;false;60;OPI47;4
344;false;21;OPI48;4
345;false;28;OPI49;4
358;false;3;CRI12;4
359;false;3;CRI13;4
360;false;3;CRI14;4
361;false;30;CRI15;4
362;false;11;CRI16;4
363;false;4;CRI17;4
364;false;5;CRI18;4
365;false;3;CRI19;4
368;false;null;TRA01;4
369;false;null;TRA02;4
370;false;null;TRA03;4
380;false;null;OPI50;0
381;false;null;OPI50;1
382;false;null;OPI50;2
383;true;null;OPI50;3
384;false;null;OPI50;4
385;false;null;OPI51;0
386;false;null;OPI51;1
387;false;null;OPI51;2
388;true;null;OPI51;3
389;false;null;OPI51;4
390;false;null;OPI52;0
391;false;null;OPI52;1
392;false;null;OPI52;2
393;true;null;OPI52;3
394;false;null;OPI52;4
395;false;0;OPI53;0
396;false;60;OPI53;1
397;false;66;OPI53;2
398;true;71;OPI53;3
399;false;77;OPI53;4
400;false;0;CRI22;0
401;false;5;CRI22;1
402;false;10;CRI22;2
403;true;18;CRI22;3
404;false;22;CRI22;4
405;false;0;CRI23;0
406;false;8;CRI23;1
273;true;13;CRI02;3
347;false;16;CRI02;4
348;false;42;CRI03;4
274;true;37;CRI03;3
276;true;6;CRI04;3
277;true;25;CRI05;3
351;false;30;CRI05;4
278;true;8;CRI06;3
352;false;12;CRI06;4
279;true;25;CRI07;3
353;false;30;CRI07;4
354;true;30;CRI08;4
280;false;25;CRI08;3
355;true;23;CRI09;4
281;false;18;CRI09;3
356;true;40;CRI10;4
282;false;37;CRI10;3
357;false;15;CRI11;4
283;true;12;CRI11;3
407;false;15;CRI23;2
408;true;25;CRI23;3
409;false;30;CRI23;4
410;false;0;CRI24;0
411;false;5;CRI24;1
412;false;10;CRI24;2
413;true;15;CRI24;3
414;false;20;CRI24;4
415;false;0;CRI25;0
416;false;8;CRI25;1
417;false;13;CRI25;2
418;true;18;CRI25;3
419;false;23;CRI25;4
420;false;0;CRI26;0
421;false;20;CRI26;1
422;false;28;CRI26;2
423;true;37;CRI26;3
424;false;42;CRI26;4
425;false;0;CRI27;0
426;false;20;CRI27;1
427;false;28;CRI27;2
428;true;37;CRI27;3
429;false;40;CRI27;4
430;false;0;CRI28;0
431;false;5;CRI28;1
432;false;10;CRI28;2
433;true;15;CRI28;3
435;false;null;TRA04;0
436;false;null;TRA04;1
437;false;null;TRA04;2
438;true;null;TRA04;3
439;false;null;TRA04;4
440;false;null;TRA05;0
441;false;null;TRA05;1
442;false;null;TRA05;2
443;true;null;TRA05;3
444;false;null;TRA05;4
445;false;0;OPE01;0
446;false;0;OPE02;0
447;false;0;OPE03;0
448;false;0;OPE04;0
449;false;0;OPE05;0
450;false;0;OPE06;0
451;false;null;OPE07;0
452;false;0;OPE08;0
453;false;0;OPE09;0
454;false;0;OPE10;0
455;false;0;OPE11;0
456;false;0;OPE12;0
457;false;0;OPE13;0
458;false;0;OPE14;0
459;false;0;OPE15;0
460;false;null;OPE16;0
470;false;0;OPE17;0
480;false;0;OPE18;0
490;false;0;OPE19;0
500;false;0;OPE20;0
501;false;0;OPE21;0
502;false;0;OPE22;0
503;false;0;OPE23;0
504;false;0;OPE24;0
505;false;0;OPE25;0
506;false;0;OPE26;0
507;false;0;OPE27;0
508;false;0;OPE28;0
509;false;0;OPE29;0
510;false;0;OPE30;0
511;false;0;OPE31;0
512;false;0;OPE32;0
513;false;0;OPE33;0
514;false;0;OPE34;0
515;false;0;OPE35;0
516;false;null;OPE36;0
517;false;0;OPE37;0
518;false;0;OPE38;0
519;false;0;OPE39;0
520;false;null;OPE40;0
521;false;0;OPE41;0
522;false;0;OPE42;0
523;false;0;OPE43;0
524;false;0;OPE01;1
525;false;0;OPE02;1
526;false;0;OPE03;1
527;false;0;OPE04;1
528;false;0;OPE05;1
529;false;0;OPE06;1
530;false;null;OPE07;1
531;false;0;OPE08;1
532;false;0;OPE09;1
533;false;0;OPE10;1
534;false;0;OPE11;1
535;false;0;OPE12;1
536;false;0;OPE13;1
537;false;0;OPE14;1
538;false;0;OPE15;1
539;false;null;OPE16;1
540;false;0;OPE17;1
541;false;0;OPE18;1
542;false;0;OPE19;1
543;false;0;OPE20;1
544;false;0;OPE21;1
545;false;0;OPE22;1
546;false;0;OPE23;1
547;false;0;OPE24;1
548;false;0;OPE25;1
549;false;0;OPE26;1
550;false;0;OPE27;1
551;false;0;OPE28;1
552;false;0;OPE29;1
553;false;0;OPE30;1
554;false;0;OPE31;1
555;false;0;OPE32;1
556;false;0;OPE33;1
557;false;0;OPE34;1
558;false;0;OPE35;1
559;false;null;OPE36;1
560;false;0;OPE37;1
561;false;0;OPE38;1
562;false;0;OPE39;1
563;false;null;OPE40;1
564;false;0;OPE41;1
565;false;0;OPE42;1
566;false;0;OPE43;1
567;false;16;OPE01;2
568;false;6;OPE02;2
569;false;24;OPE03;2
570;false;24;OPE04;2
571;false;24;OPE05;2
572;false;10;OPE06;2
573;false;null;OPE07;2
574;false;4;OPE08;2
575;false;10;OPE09;2
576;false;36;OPE10;2
577;false;6;OPE11;2
578;false;24;OPE12;2
579;false;10;OPE13;2
580;false;54;OPE14;2
581;false;24;OPE15;2
582;false;null;OPE16;2
583;false;8;OPE17;2
584;false;18;OPE18;2
585;false;6;OPE19;2
586;false;10;OPE20;2
587;false;12;OPE21;2
588;false;24;OPE22;2
589;false;24;OPE23;2
590;false;18;OPE24;2
591;false;6;OPE25;2
592;false;36;OPE26;2
593;false;4;OPE27;2
594;false;36;OPE28;2
595;false;6;OPE29;2
596;false;24;OPE30;2
597;false;6;OPE31;2
598;false;12;OPE32;2
599;false;12;OPE33;2
600;false;0;OPE34;2
601;false;24;OPE35;2
602;false;null;OPE36;2
603;false;0;OPE37;2
604;false;12;OPE38;2
605;false;24;OPE39;2
606;false;null;OPE40;2
607;false;4;OPE41;2
608;false;6;OPE42;2
609;false;16;OPE43;2
610;true;18;OPE01;3
611;true;8;OPE02;3
612;true;30;OPE03;3
613;true;30;OPE04;3
614;true;30;OPE05;3
615;true;12;OPE06;3
616;true;null;OPE07;3
617;true;5;OPE08;3
618;true;12;OPE09;3
619;true;42;OPE10;3
620;true;8;OPE11;3
621;true;30;OPE12;3
622;true;12;OPE13;3
623;true;54;OPE14;3
624;true;28;OPE15;3
625;true;null;OPE16;3
626;true;10;OPE17;3
627;true;18;OPE18;3
628;true;8;OPE19;3
629;true;10;OPE20;3
630;true;14;OPE21;3
631;true;30;OPE22;3
632;true;30;OPE23;3
633;true;18;OPE24;3
634;true;8;OPE25;3
635;true;36;OPE26;3
636;true;6;OPE27;3
637;true;36;OPE28;3
638;true;8;OPE29;3
639;true;30;OPE30;3
640;true;8;OPE31;3
641;true;14;OPE32;3
642;true;14;OPE33;3
643;true;18;OPE34;3
644;true;24;OPE35;3
645;true;null;OPE36;3
646;true;12;OPE37;3
647;true;12;OPE38;3
648;true;24;OPE39;3
649;true;null;OPE40;3
650;true;5;OPE41;3
651;true;8;OPE42;3
652;true;18;OPE43;3
653;false;18;OPE01;4
654;false;6;OPE02;4
655;false;30;OPE03;4
656;false;30;OPE04;4
657;false;30;OPE05;4
658;false;12;OPE06;4
659;false;null;OPE07;4
660;false;4;OPE08;4
661;false;12;OPE09;4
662;false;42;OPE10;4
663;false;10;OPE11;4
664;false;30;OPE12;4
665;false;12;OPE13;4
667;false;54;OPE14;4
668;false;28;OPE15;4
669;false;null;OPE16;4
670;false;10;OPE17;4
671;false;18;OPE18;4
672;false;8;OPE19;4
673;false;10;OPE20;4
674;false;14;OPE21;4
675;false;30;OPE22;4
676;false;30;OPE23;4
677;false;18;OPE24;4
678;false;8;OPE25;4
679;false;36;OPE26;4
680;false;6;OPE27;4
681;false;36;OPE28;4
682;false;8;OPE29;4
683;false;30;OPE30;4
684;false;8;OPE31;4
685;false;14;OPE32;4
686;false;14;OPE33;4
687;false;18;OPE34;4
688;false;24;OPE35;4
689;false;null;OPE36;4
690;false;12;OPE37;4
691;false;12;OPE38;4
692;false;24;OPE39;4
693;false;null;OPE40;4
694;false;4;OPE41;4
695;false;8;OPE42;4
744;false;18;OPE43;4
696;false;null;TRA06;0
697;false;null;TRA07;0
698;false;null;TRA08;0
699;false;null;TRA09;0
700;false;null;TRA10;0
701;false;null;TRA11;0
702;false;null;TRA12;0
703;false;null;TRA13;0
704;false;null;TRA14;0
705;false;null;TRA15;0
706;false;null;TRA06;1
707;false;null;TRA07;1
708;false;null;TRA08;1
709;false;null;TRA09;1
710;false;null;TRA10;1
711;false;null;TRA11;1
712;false;null;TRA12;1
713;false;null;TRA13;1
714;false;null;TRA14;1
715;false;null;TRA15;1
716;false;null;TRA06;2
717;false;null;TRA07;2
718;false;null;TRA08;2
719;false;null;TRA09;2
720;false;null;TRA10;2
721;false;null;TRA11;2
722;false;null;TRA12;2
723;false;null;TRA13;2
724;false;null;TRA14;2
725;false;null;TRA15;2
735;false;null;TRA07;4
736;false;null;TRA08;4
737;false;null;TRA09;4
738;false;null;TRA10;4
739;false;null;TRA11;4
740;false;null;TRA12;4
741;false;null;TRA13;4
742;false;null;TRA14;4
743;false;null;TRA15;4
745;false;null;OPI54;0
746;false;null;OPI54;1
747;false;null;OPI54;2
748;true;null;OPI54;3
749;false;null;OPI54;4
750;false;null;OPI55;0
751;false;null;OPI55;1
752;false;null;OPI55;2
753;true;null;OPI55;3
754;false;null;OPI55;4
755;false;null;TRA16;0
756;false;null;TRA16;1
757;false;null;TRA16;2
758;true;null;TRA16;3
759;false;null;TRA16;4
346;false;9;CRI01;4
272;true;7;CRI01;3
350;false;8;CRI04;4
760;true;null;TRA06;3
761;false;null;TRA06;4
726;true;null;TRA07;3
727;true;null;TRA08;3
728;true;null;TRA09;3
729;true;null;TRA10;3
730;true;null;TRA11;3
731;true;null;TRA12;3
732;true;null;TRA13;3
733;true;null;TRA14;3
734;true;null;TRA15;3
762;false;20;CRI28;4